portfolio_xirr,ter_waste_pct_aum,overlap_waste_pct_aum,hhi,equity_pct,regular_aum_pct,top_sector_pct,smallcap_pct,liquid_pct,est_tax_drag_pct_aum,n_lots,sip_regularity,elss_locked_pct,fd_pct,mean_holding_years,label_health_score,label_grade,label_has_ter_leak,label_has_overlap,label_high_concentration,label_tax_heavy,label_low_liquidity,label_port_xirr
8.55,0.378,0.1208,0.2922,100.0,100.0,55.56,0.0,100.0,0.2809,4,0,0.0,0.0,3.05,84,B,1,1,1,0,0,8.55
15.11,0.0,0.0,0.3715,100.0,0.0,55.3,44.7,100.0,0.7666,3,100,0.0,0.0,3.82,82,B,0,0,1,0,0,15.11
14.77,0.6511,0.0,0.2538,81.9,74.97,40.57,40.57,90.95,2.8078,6,100,0.0,18.1,3.21,77,B,1,0,0,0,0,14.77
8.09,0.1224,0.0933,0.4077,0.0,19.35,100.0,0.0,80.13,7.6166,3,100,0.0,39.74,3.61,82,B,1,1,1,0,0,8.09
18.46,0.0,0.0217,0.2676,92.71,0.0,62.65,0.0,96.36,3.5853,5,100,0.0,7.29,4.57,92,A,0,1,1,0,0,18.46
7.94,0.228,0.0,0.2639,66.09,55.3,33.91,22.13,83.04,1.1053,4,100,0.0,33.91,2.78,85,B,1,0,0,0,0,7.94
16.34,0.0,0.2655,0.4461,52.63,0.0,52.63,0.0,96.59,11.7172,3,0,0.0,6.81,4.15,82,B,0,1,1,1,0,16.34
9.55,0.5146,0.2267,0.1072,87.1,83.56,30.54,30.54,93.55,1.5594,11,100,0.0,12.9,3.31,77,B,1,1,0,0,0,9.55
15.88,0.3743,0.0277,0.2151,85.49,100.0,58.6,0.0,92.75,3.7696,7,100,0.0,14.51,3.6,84,B,1,1,1,0,0,15.88
14.56,0.2462,0.0,0.3925,18.51,26.18,81.49,0.0,85.35,9.7813,3,100,0.0,29.29,3.47,82,B,1,0,1,1,0,14.56
16.0,0.0,0.1496,0.6474,77.14,0.0,77.14,0.0,100.0,7.199,2,0,0.0,0.0,5.4,82,B,0,1,1,0,0,16.0
5.72,0.0,0.1202,0.3671,18.37,0.0,81.63,0.0,79.11,4.1084,3,100,0.0,41.77,3.36,67,C,0,1,1,0,0,5.72
14.53,0.8766,0.0859,0.1897,85.04,100.0,36.02,33.03,92.52,3.2944,8,100,0.0,14.96,3.93,77,B,1,1,0,0,0,14.53
9.61,0.3844,0.2318,0.1987,82.0,100.0,69.08,0.0,91.0,2.7501,8,100,0.0,18.0,3.66,84,B,1,1,1,0,0,9.61
11.49,0.1976,0.1266,0.1487,84.7,26.66,31.36,19.18,92.35,0.8518,8,100,0.0,15.3,2.75,98,A,1,1,0,0,0,11.49
15.87,0.2011,0.1533,0.1758,81.59,24.31,48.64,48.64,95.17,4.398,9,100,0.0,9.66,3.5,92,A,1,1,1,0,0,15.87
20.89,0.31,0.0,0.202,92.93,100.0,47.32,16.8,96.47,4.5995,6,100,0.0,7.07,4.0,84,B,1,0,1,0,0,20.89
8.73,0.2132,0.1647,0.1759,90.26,37.62,34.21,10.49,95.13,0.4991,9,100,0.0,9.74,2.63,98,A,1,1,0,0,0,8.73
7.09,0.0,0.0,0.3972,12.72,0.0,87.28,12.72,78.53,6.7112,3,100,0.0,42.95,4.76,67,C,0,0,1,0,0,7.09
11.93,0.5117,0.0785,0.2949,76.23,100.0,62.05,0.0,88.12,0.5025,5,100,0.0,23.77,2.92,69,C,1,1,1,0,0,11.93
12.02,0.1293,0.0,0.404,12.32,20.24,87.68,0.0,68.11,7.037,3,0,12.32,39.15,3.14,82,B,1,0,1,0,0,12.02
15.88,0.0,0.0537,0.6237,77.88,0.0,77.88,0.0,93.04,7.398,4,100,0.0,13.91,4.23,82,B,0,1,1,0,0,15.88
11.88,0.1656,0.0833,0.3218,100.0,63.4,50.54,0.0,85.44,0.5758,5,100,14.56,0.0,3.77,84,B,1,1,1,0,0,11.88
21.54,0.7458,0.1412,0.1684,95.28,87.91,66.43,0.0,75.05,4.1797,8,100,22.59,4.72,3.42,69,C,1,1,1,0,0,21.54
12.68,0.4659,0.2286,0.1346,69.66,48.59,34.49,14.68,91.46,2.8491,8,100,0.0,17.08,2.18,98,A,1,1,0,0,0,12.68
15.65,0.0,0.0338,0.3257,100.0,0.0,85.5,0.0,100.0,0.7918,4,100,0.0,0.0,3.0,92,A,0,1,1,0,0,15.65
14.07,0.2933,0.0,0.5401,91.66,24.06,69.6,69.6,95.83,5.514,3,100,0.0,8.34,4.38,82,B,1,0,1,0,0,14.07
17.65,0.2924,0.1854,0.1359,87.57,70.75,26.9,14.1,93.79,2.059,8,100,0.0,12.43,2.98,92,A,1,1,0,0,0,17.65
17.81,0.7067,0.1445,0.1858,83.89,79.98,32.74,11.56,91.94,3.9116,8,100,0.0,16.11,2.65,77,B,1,1,0,0,0,17.81
9.66,0.0,0.0,0.353,22.27,0.0,77.73,22.27,79.31,3.273,3,100,0.0,41.39,2.44,82,B,0,0,1,0,0,9.66
12.18,0.3824,0.1633,0.1108,80.99,68.18,46.96,5.12,81.97,1.2457,11,100,11.23,13.61,3.88,84,B,1,1,1,0,0,12.18
16.79,1.0074,0.0,0.375,83.59,100.0,48.81,34.78,91.79,6.4565,4,0,0.0,16.41,4.59,59,C,1,0,1,0,0,16.79
13.44,0.2436,0.0,0.3464,74.03,100.0,42.0,0.0,87.01,1.9209,3,100,0.0,25.97,4.21,92,A,1,0,0,0,0,13.44
12.62,0.0979,0.0,0.3311,82.31,43.12,60.69,12.3,86.34,4.3932,7,100,4.82,17.69,3.71,92,A,1,0,1,0,0,12.62
9.1,0.4991,0.1889,0.1868,84.71,100.0,73.51,0.0,92.36,3.0088,8,100,0.0,15.29,3.63,84,B,1,1,1,0,0,9.1
14.82,0.2618,0.0821,0.3534,89.65,100.0,53.88,0.0,94.83,1.3229,5,100,0.0,10.35,4.21,74,B,1,1,1,0,0,14.82
10.44,0.0,0.1188,0.3696,22.27,0.0,77.73,0.0,85.31,9.4647,3,100,0.0,29.39,4.78,82,B,0,1,1,1,0,10.44
20.03,0.9862,0.212,0.2921,100.0,100.0,69.02,12.57,100.0,4.796,5,100,0.0,0.0,5.2,69,C,1,1,1,0,0,20.03
13.1,0.0,0.0926,0.5413,71.46,0.0,71.46,0.0,92.8,4.0752,4,100,0.0,14.39,2.36,82,B,0,1,1,0,0,13.1
8.65,0.0,0.1249,0.3638,19.08,0.0,80.92,0.0,79.78,3.7942,3,100,0.0,40.43,2.28,82,B,0,1,1,0,0,8.65
7.86,0.0,0.1145,0.3936,0.0,0.0,100.0,0.0,81.32,5.8779,3,100,0.0,37.36,2.87,67,C,0,1,1,0,0,7.86
14.14,0.0,0.0,0.5158,6.59,0.0,93.41,6.59,86.34,14.0798,3,0,0.0,27.32,3.66,82,B,0,0,1,1,0,14.14
11.2,0.3874,0.1524,0.2443,75.59,100.0,62.11,0.0,87.79,1.3868,5,100,0.0,24.41,2.24,84,B,1,1,1,0,0,11.2
7.49,0.225,0.0469,0.2975,93.7,45.54,56.56,0.0,96.85,1.4307,6,100,0.0,6.3,3.55,77,B,1,1,1,0,0,7.49
11.87,0.8931,0.0,0.2571,86.21,100.0,50.24,35.97,100.0,3.4141,5,100,0.0,0.0,4.53,69,C,1,0,1,0,0,11.87
8.73,0.1373,0.0553,0.4209,12.83,19.01,87.17,0.0,83.75,7.3693,3,0,0.0,32.51,3.6,82,B,1,1,1,0,0,8.73
16.44,0.0,0.1325,0.6771,79.76,0.0,79.76,0.0,100.0,3.7402,2,100,0.0,0.0,2.37,82,B,0,1,1,0,0,16.44
9.88,0.0216,0.1412,0.3543,21.58,36.17,78.42,0.0,79.83,2.7335,3,100,0.0,40.34,1.76,82,B,0,1,1,0,0,9.88
15.33,0.0883,0.104,0.3005,81.64,44.89,73.81,0.0,82.71,3.1402,8,100,11.11,12.36,2.39,92,A,1,1,1,0,0,15.33
15.01,0.8893,0.0,0.43,84.69,100.0,57.83,0.0,65.48,3.6483,3,100,26.86,15.31,2.92,59,C,1,0,1,0,0,15.01
22.8,0.1657,0.1234,0.2425,100.0,50.57,57.05,0.0,100.0,5.3859,5,100,0.0,0.0,4.48,92,A,1,1,1,0,0,22.8
13.03,0.255,0.1943,0.3822,0.0,32.09,100.0,0.0,87.84,13.7717,3,100,0.0,24.32,4.58,82,B,1,1,1,1,0,13.03
12.61,0.0,0.0,0.3904,13.84,0.0,86.16,13.84,78.13,4.1326,3,100,0.0,43.75,2.65,82,B,0,0,1,0,0,12.61
9.6,0.558,0.2313,0.1458,82.34,86.69,58.69,0.0,80.66,1.8814,9,100,10.51,17.66,3.47,69,C,1,1,1,0,0,9.6
21.25,0.2527,0.2152,0.3241,97.13,65.53,69.79,0.0,96.87,6.4361,8,100,3.13,0.0,3.85,84,B,1,1,1,0,0,21.25
15.79,0.7783,0.4529,0.2345,90.12,86.75,53.91,0.0,100.0,2.4646,6,100,0.0,0.0,3.89,57,C,1,1,1,0,0,15.79
15.18,0.7131,0.0838,0.3058,84.67,100.0,72.18,0.0,84.08,4.4184,8,100,8.25,15.33,3.9,69,C,1,1,1,0,0,15.18
12.34,0.6762,0.2432,0.3534,78.02,100.0,78.02,0.0,89.01,3.5302,3,100,0.0,21.98,4.25,59,C,1,1,1,0,0,12.34
6.07,0.4474,0.1391,0.2561,48.23,100.0,51.77,0.0,84.79,1.6545,4,100,0.0,30.42,3.73,69,C,1,1,1,0,0,6.07
6.08,0.5009,0.0252,0.1622,77.38,100.0,37.82,0.0,74.66,1.9088,7,100,14.03,22.62,3.97,62,C,1,1,0,0,0,6.08
6.8,0.2484,0.2871,0.1689,68.84,100.0,49.98,0.0,84.42,1.6494,6,100,0.0,31.16,3.27,69,C,1,1,1,0,0,6.8
10.72,0.6682,0.1783,0.157,90.62,80.08,36.4,36.4,95.31,2.7284,8,100,0.0,9.38,3.38,77,B,1,1,0,0,0,10.72
4.03,0.1658,0.1636,0.1892,89.23,31.97,43.77,0.0,94.62,0.6142,6,100,0.0,10.77,4.48,85,B,1,1,0,0,0,4.03
10.48,0.0,0.0258,0.4524,9.67,0.0,90.33,0.0,84.04,10.9878,3,100,0.0,31.92,5.14,82,B,0,1,1,1,0,10.48
11.02,0.4118,0.2044,0.147,89.62,84.21,73.29,0.0,83.13,0.1386,8,100,11.68,10.38,3.35,84,B,1,1,1,0,0,11.02
9.7,0.0795,0.0606,0.4749,0.0,11.09,100.0,0.0,84.14,10.6315,3,0,0.0,31.73,3.85,82,B,1,1,1,1,0,9.7
13.54,0.0971,0.0317,0.2471,100.0,17.22,74.86,0.0,91.38,0.8985,6,100,8.62,0.0,2.85,92,A,1,1,1,0,0,13.54
10.27,0.392,0.1608,0.1296,81.19,48.33,52.35,16.42,79.43,2.2384,8,100,11.16,18.81,4.07,92,A,1,1,1,0,0,10.27
7.44,0.0,0.1975,0.3363,30.18,0.0,69.82,0.0,81.18,4.3217,3,0,0.0,37.64,4.14,77,B,0,1,1,0,0,7.44
10.08,0.2891,0.1197,0.1849,68.47,100.0,59.28,0.0,84.23,2.4965,6,100,0.0,31.53,2.08,84,B,1,1,1,0,0,10.08
9.02,0.0874,0.0,0.4287,8.32,14.62,91.68,0.0,70.13,5.9202,3,100,8.32,43.11,2.23,82,B,1,0,1,0,0,9.02
9.47,0.0,0.0429,0.4859,100.0,0.0,76.76,0.0,100.0,0.3492,4,100,0.0,0.0,4.36,82,B,0,1,1,0,0,9.47
10.21,0.7255,0.215,0.1819,81.21,100.0,61.6,12.26,79.26,0.3981,7,100,17.9,5.67,2.57,69,C,1,1,1,0,0,10.21
15.88,0.4748,0.077,0.2053,100.0,74.69,33.06,23.33,100.0,2.902,5,100,0.0,0.0,4.27,92,A,1,1,0,0,0,15.88
14.42,0.4518,0.0,0.2969,100.0,100.0,43.09,0.0,78.52,1.0223,4,100,21.48,0.0,3.45,92,A,1,0,0,0,0,14.42
6.67,0.2776,0.0,0.2897,62.07,100.0,37.93,0.0,81.03,2.0152,4,0,0.0,37.93,2.38,77,B,1,0,0,0,0,6.67
12.95,0.7008,0.2225,0.2337,92.73,100.0,62.53,0.0,96.36,1.4013,7,100,0.0,7.27,4.06,69,C,1,1,1,0,0,12.95
21.45,0.4496,0.0,0.3874,87.82,100.0,52.26,31.24,100.0,2.9807,4,100,0.0,0.0,2.8,74,B,1,0,1,0,0,21.45
10.34,0.087,0.0982,0.4109,15.01,21.7,84.99,0.0,84.58,7.6616,3,0,0.0,30.84,2.38,82,B,0,1,1,0,0,10.34
26.08,0.6627,0.0446,0.5156,94.18,100.0,85.82,0.0,97.09,5.0563,4,100,0.0,5.82,3.79,59,C,1,1,1,0,0,26.08
10.16,0.0947,0.056,0.2946,90.63,46.5,74.3,0.0,95.32,0.6999,5,100,0.0,9.37,2.27,92,A,1,1,1,0,0,10.16
11.85,0.0,0.0,0.425,15.26,0.0,84.74,15.26,86.12,9.3451,3,100,0.0,27.76,3.31,82,B,0,0,1,1,0,11.85
10.79,0.9748,0.0881,0.3164,92.84,100.0,52.16,0.0,77.31,0.3699,4,100,19.11,7.16,2.98,69,C,1,1,1,0,0,10.79
12.25,0.0789,0.1929,0.2085,100.0,21.8,44.31,0.0,92.68,1.8511,7,100,7.32,0.0,3.42,98,A,1,1,0,0,0,12.25
8.76,0.0936,0.1849,0.1465,81.14,17.12,61.46,0.0,88.86,2.3283,10,100,6.83,8.63,2.63,92,A,1,1,1,0,0,8.76
10.51,0.0,0.4789,0.2159,90.55,0.0,65.09,0.0,100.0,0.0,6,100,0.0,0.0,3.94,80,B,0,1,1,0,0,10.51
8.9,0.0,0.1377,0.5328,69.21,0.0,69.21,0.0,95.12,5.6999,3,100,0.0,9.76,4.55,82,B,0,1,1,0,0,8.9
14.11,0.0134,0.1428,0.3148,100.0,36.61,50.27,0.0,100.0,1.2012,5,100,0.0,0.0,3.87,92,A,0,1,1,0,0,14.11
22.15,0.072,0.0181,0.3884,100.0,15.23,52.47,6.99,100.0,4.3698,5,100,0.0,0.0,3.85,82,B,1,1,1,0,0,22.15
5.59,0.1823,0.1137,0.372,17.36,30.32,82.64,0.0,78.64,2.1485,3,100,0.0,42.73,3.57,67,C,1,1,1,0,0,5.59
13.83,0.4632,0.2776,0.1687,100.0,86.53,61.98,14.4,100.0,1.642,8,100,0.0,0.0,3.06,84,B,1,1,1,0,0,13.83
10.35,0.0,0.0,0.3798,15.73,0.0,84.27,0.0,63.45,3.4774,3,100,15.73,41.63,3.01,82,B,0,0,1,0,0,10.35
9.84,0.0,0.0,0.2664,62.33,0.0,37.67,28.93,81.17,1.7487,4,100,0.0,37.67,2.43,98,A,0,0,0,0,0,9.84
7.27,0.0,0.1054,0.5629,72.36,0.0,72.36,0.0,94.23,1.8458,3,100,0.0,11.53,3.22,67,C,0,1,1,0,0,7.27
11.51,0.8599,0.2048,0.1655,87.64,86.13,32.83,23.57,100.0,0.899,7,100,0.0,0.0,3.67,77,B,1,1,0,0,0,11.51
10.53,0.0,0.1725,0.3784,53.56,0.0,53.56,0.0,89.96,5.6658,4,100,0.0,20.08,3.02,82,B,0,1,1,0,0,10.53
13.13,0.1756,0.2129,0.1678,91.88,31.07,45.29,15.81,95.94,2.173,7,100,0.0,8.12,3.11,92,A,1,1,1,0,0,13.13
13.16,0.3864,0.0997,0.2461,82.87,100.0,54.44,0.0,91.43,2.0996,5,100,0.0,17.13,2.86,84,B,1,1,1,0,0,13.16
18.57,0.5654,0.1699,0.4162,86.24,100.0,54.39,0.0,93.12,1.5538,3,100,0.0,13.76,2.61,59,C,1,1,1,0,0,18.57
12.99,0.5239,0.2064,0.3809,100.0,100.0,84.05,0.0,100.0,0.3563,3,100,0.0,0.0,4.95,59,C,1,1,1,0,0,12.99
12.0,0.0,0.0,0.2209,82.04,0.0,34.81,34.81,91.02,0.8962,6,100,0.0,17.96,2.69,98,A,0,0,0,0,0,12.0
9.11,0.0948,0.0723,0.3921,13.55,24.05,86.45,0.0,78.17,2.2407,3,66.7,0.0,43.67,0.99,82,B,0,1,1,0,0,9.11
19.0,0.0,0.2364,0.5385,63.88,0.0,63.88,0.0,100.0,7.3514,2,0,0.0,0.0,2.34,82,B,0,1,1,0,0,19.0
18.68,0.0,0.0228,0.6058,4.28,0.0,95.72,0.0,89.57,17.8581,3,0,0.0,20.85,4.23,82,B,0,1,1,1,0,18.68
13.88,0.0,0.0,0.4308,12.47,0.0,87.53,12.47,84.46,8.4365,3,100,0.0,31.08,3.37,82,B,0,0,1,1,0,13.88
13.94,0.0,0.2848,0.4594,51.75,0.0,51.75,0.0,97.63,10.4963,3,0,0.0,4.74,4.68,82,B,0,1,1,1,0,13.94
9.38,0.6732,0.0836,0.2681,72.22,100.0,72.22,0.0,86.11,3.2315,5,100,0.0,27.78,3.11,69,C,1,1,1,0,0,9.38
12.8,0.139,0.1019,0.1378,87.72,19.01,39.21,26.23,87.91,2.3675,9,100,5.95,12.28,3.31,98,A,1,1,0,0,0,12.8
11.29,0.1714,0.0773,0.2223,100.0,100.0,43.27,0.0,100.0,0.2434,5,100,0.0,0.0,3.32,92,A,1,1,0,0,0,11.29
17.87,0.1219,0.2483,0.2185,100.0,19.69,49.38,0.0,92.83,2.4996,7,100,7.17,0.0,3.42,92,A,1,1,1,0,0,17.87
7.67,0.0,0.1641,0.4483,60.35,0.0,60.35,0.0,92.71,3.0408,3,100,0.0,14.58,1.47,67,C,0,1,1,0,0,7.67
27.37,0.8318,0.0,0.6427,86.47,100.0,79.22,0.0,93.23,7.9955,4,100,0.0,13.53,3.5,59,C,1,0,1,0,0,27.37
12.11,0.8146,0.0,0.442,89.42,100.0,77.58,0.0,79.99,3.6463,4,100,14.72,10.58,3.42,59,C,1,0,1,0,0,12.11
10.63,0.1983,0.0798,0.3693,18.53,29.33,81.47,0.0,81.59,3.6758,3,100,0.0,36.82,1.96,82,B,1,1,1,0,0,10.63
7.28,0.382,0.1414,0.1208,82.58,66.36,24.68,19.94,82.01,1.0918,10,100,9.28,17.42,3.01,77,B,1,1,0,0,0,7.28
19.72,0.2109,0.0,0.2863,88.23,100.0,45.39,0.0,75.51,0.7349,5,100,18.61,11.77,3.2,84,B,1,0,1,0,0,19.72
9.21,0.4437,0.2451,0.2164,94.22,100.0,36.19,0.0,97.11,1.1013,6,100,0.0,5.78,2.84,92,A,1,1,0,0,0,9.21
0.42,0.0,0.0982,0.3675,54.58,0.0,54.58,0.0,84.79,1.443,4,100,0.0,30.41,3.52,67,C,0,1,1,0,0,0.42
13.48,0.1255,0.1911,0.1891,88.64,20.89,50.67,15.57,94.32,2.4279,7,100,0.0,11.36,3.15,92,A,1,1,1,0,0,13.48
10.43,0.0,0.1755,0.4562,60.73,0.0,60.73,0.0,93.77,4.4477,3,100,0.0,12.46,3.45,82,B,0,1,1,0,0,10.43
7.57,0.0,0.1833,0.4035,55.74,0.0,55.74,0.0,91.87,4.7252,4,100,0.0,16.25,2.99,67,C,0,1,1,0,0,7.57
12.47,0.1279,0.1661,0.1126,89.79,23.23,35.05,22.92,94.9,1.5254,10,100,0.0,10.21,2.98,98,A,1,1,0,0,0,12.47
8.76,0.0,0.126,0.3676,19.25,0.0,80.75,0.0,82.18,4.5777,3,100,0.0,35.64,2.54,82,B,0,1,1,0,0,8.76
6.35,0.2064,0.1111,0.1969,79.66,100.0,51.61,0.0,89.83,0.768,6,100,0.0,20.34,3.13,69,C,1,1,1,0,0,6.35
5.15,0.0,0.0399,0.3878,14.98,0.0,85.02,0.0,76.54,3.6131,3,100,0.0,46.93,2.85,67,C,0,1,1,0,0,5.15
7.16,0.0,0.115,0.6212,76.61,0.0,76.61,0.0,97.09,3.5463,3,100,0.0,5.81,3.6,67,C,0,1,1,0,0,7.16
13.84,0.0,0.0876,0.4167,16.43,0.0,83.57,0.0,86.23,12.4414,3,100,0.0,27.54,5.06,82,B,0,1,1,1,0,13.84
20.07,0.1146,0.0873,0.3982,16.37,23.86,83.63,0.0,84.31,11.4578,3,100,0.0,31.39,4.05,82,B,1,1,1,1,0,20.07
7.63,0.6027,0.062,0.1206,80.78,100.0,31.6,15.9,81.42,1.1096,9,100,8.97,19.22,3.4,62,C,1,1,0,0,0,7.63
8.4,0.6848,0.1617,0.1828,61.43,100.0,38.57,20.73,86.46,1.5503,6,100,0.0,27.08,3.33,77,B,1,1,0,0,0,8.4
15.02,0.0,0.0998,0.7416,84.75,0.0,84.75,0.0,100.0,3.5172,2,100,0.0,0.0,1.93,82,B,0,1,1,0,0,15.02
12.01,0.4098,0.0,0.2544,76.48,52.02,39.78,39.78,88.24,1.289,5,100,0.0,23.52,2.76,98,A,1,0,0,0,0,12.01
8.07,0.2165,0.0326,0.3581,100.0,44.33,52.05,0.0,89.08,3.3975,5,100,10.92,0.0,4.82,82,B,1,1,1,0,0,8.07
15.55,0.5467,0.0,0.1792,100.0,74.03,35.21,20.88,80.18,2.2272,7,100,19.82,0.0,4.32,77,B,1,0,0,0,0,15.55
15.41,0.6052,0.0,0.2389,100.0,100.0,69.2,0.0,72.59,2.3991,5,100,27.41,0.0,3.8,69,C,1,0,1,0,0,15.41
10.52,0.4458,0.0689,0.2047,38.42,100.0,61.58,0.0,86.13,5.8522,6,100,0.0,27.73,3.27,84,B,1,1,1,0,0,10.52
13.2,0.3992,0.2221,0.2166,88.88,100.0,63.73,0.0,94.44,2.5681,5,50.0,0.0,11.12,2.75,84,B,1,1,1,0,0,13.2
10.73,0.5494,0.4479,0.164,75.27,69.36,31.94,0.0,94.25,3.6778,8,100,0.0,11.5,3.99,65,C,1,1,0,0,0,10.73
14.89,0.7279,0.1211,0.2854,82.98,88.19,45.58,0.0,75.45,3.4824,5,100,16.04,17.02,5.37,69,C,1,1,1,0,0,14.89
17.64,0.0,0.1301,0.4487,61.06,0.0,61.06,0.0,90.47,3.868,3,100,0.0,19.06,1.95,82,B,0,1,1,0,0,17.64
13.03,0.0,0.0274,0.1776,84.34,0.0,32.1,11.41,89.46,3.2159,9,100,5.89,9.31,3.68,98,A,0,1,0,0,0,13.03
8.72,0.8431,0.1515,0.1941,72.64,85.67,31.03,12.65,92.11,3.3361,6,100,7.89,0.0,2.76,77,B,1,1,0,0,0,8.72
11.38,0.2678,0.2408,0.1252,82.63,78.52,51.94,0.0,91.32,1.4234,9,100,0.0,17.37,3.15,84,B,1,1,1,0,0,11.38
11.94,0.3296,0.0512,0.2009,90.25,34.78,46.32,25.58,89.6,1.9934,6,100,5.53,9.75,3.39,92,A,1,1,1,0,0,11.94
19.13,0.8548,0.0,0.4114,100.0,84.18,59.16,59.16,100.0,2.8392,4,100,0.0,0.0,3.59,59,C,1,0,1,0,0,19.13
7.35,0.0,0.1442,0.4473,60.75,0.0,60.75,0.0,91.39,2.2788,3,100,0.0,17.21,1.55,67,C,0,1,1,0,0,7.35
16.69,0.0,0.1246,0.6123,75.72,0.0,75.72,0.0,97.38,8.9535,3,100,0.0,5.25,4.71,82,B,0,1,1,1,0,16.69
4.82,0.2644,0.0,0.2636,85.04,66.74,51.98,25.67,92.52,1.2484,5,0,0.0,14.96,4.03,69,C,1,0,1,0,0,4.82
9.09,0.4709,0.0,0.5037,100.0,45.72,54.28,45.72,100.0,0.0,2,0,0.0,0.0,2.48,82,B,1,0,1,0,0,9.09
7.95,0.142,0.0,0.3274,86.11,50.75,51.55,13.78,93.05,1.6162,5,100,0.0,13.89,4.03,77,B,1,0,1,0,0,7.95
10.28,0.6515,0.0536,0.2529,78.4,100.0,36.53,0.0,62.95,3.2244,5,100,26.25,21.6,3.16,77,B,1,1,0,0,0,10.28
13.9,0.0,0.1521,0.6432,76.76,0.0,76.76,0.0,100.0,1.7515,2,100,0.0,0.0,3.78,82,B,0,1,1,0,0,13.9
5.42,0.4251,0.2918,0.2415,79.23,100.0,33.29,0.0,89.61,0.6172,5,100,0.0,20.77,3.68,77,B,1,1,0,0,0,5.42
7.51,0.0,0.0691,0.396,12.96,0.0,87.04,0.0,77.54,4.5569,3,100,0.0,44.93,3.62,67,C,0,1,1,0,0,7.51
24.39,0.1746,0.1863,0.3361,92.18,44.29,64.22,2.25,94.05,6.9005,9,100,4.89,2.11,4.48,92,A,1,1,1,0,0,24.39
11.67,0.0471,0.0,0.2977,83.34,100.0,47.12,0.0,91.67,1.1888,5,100,0.0,16.66,2.79,84,B,0,0,1,0,0,11.67
14.44,0.0495,0.023,0.3352,100.0,11.17,62.93,4.81,89.45,3.9814,7,100,10.55,0.0,3.34,92,A,1,1,1,0,0,14.44
17.66,0.0,0.1546,0.3943,56.44,0.0,56.44,0.0,90.03,5.2718,4,0,0.0,19.93,2.89,82,B,0,1,1,0,0,17.66
16.01,0.2525,0.0,0.3874,100.0,21.58,57.51,57.51,100.0,4.6181,5,100,0.0,0.0,3.16,82,B,1,0,1,0,0,16.01
18.57,0.1851,0.0978,0.2802,93.96,57.5,55.4,0.0,89.51,3.0258,7,100,7.47,6.04,2.8,92,A,1,1,1,0,0,18.57
10.56,0.0374,0.0,0.3359,100.0,100.0,67.93,0.0,100.0,0.0,3,0,0.0,0.0,2.56,84,B,0,0,1,0,0,10.56
11.07,0.8551,0.1278,0.1636,77.99,100.0,28.08,18.9,97.16,4.3602,8,100,0.0,5.69,4.3,77,B,1,1,0,0,0,11.07
24.28,0.5122,0.0,0.4283,100.0,41.88,58.12,58.12,100.0,2.7124,3,100,0.0,0.0,5.18,67,C,1,0,1,0,0,24.28
17.62,0.0,0.1104,0.4356,62.04,0.0,62.04,0.0,89.45,2.0178,4,100,0.0,21.1,1.2,82,B,0,1,1,0,0,17.62
9.57,0.4658,0.0,0.2873,83.66,53.7,38.74,29.4,76.31,1.1172,4,100,15.52,16.34,2.81,98,A,1,0,0,0,0,9.57
21.43,1.0906,0.0,0.4208,95.41,100.0,53.99,53.99,97.71,4.8829,4,100,0.0,4.59,2.99,59,C,1,0,1,0,0,21.43
10.28,0.372,0.2567,0.1862,100.0,91.92,35.8,0.0,100.0,0.1452,8,100,0.0,0.0,3.39,92,A,1,1,0,0,0,10.28
23.58,0.2607,0.2657,0.2349,91.46,39.23,41.53,0.0,94.51,4.5253,8,100,5.49,0.0,4.33,98,A,1,1,0,0,0,23.58
8.44,0.7008,0.2158,0.1541,86.46,83.16,49.02,0.0,67.65,1.8033,8,100,25.58,13.54,2.24,69,C,1,1,1,0,0,8.44
14.93,0.6336,0.2624,0.1847,89.86,83.34,47.96,25.34,83.34,3.3925,6,100,16.66,0.0,3.32,69,C,1,1,1,0,0,14.93
6.34,0.2782,0.0,0.3197,100.0,30.57,47.51,47.51,100.0,0.5843,4,100,0.0,0.0,4.02,77,B,1,0,1,0,0,6.34
26.22,0.3054,0.1057,0.3082,100.0,100.0,47.63,0.0,100.0,4.9117,5,100,0.0,0.0,3.0,84,B,1,1,1,0,0,26.22
16.34,0.0,0.0829,0.5248,70.28,0.0,70.28,0.0,91.48,4.1015,4,100,0.0,17.05,2.7,82,B,0,1,1,0,0,16.34
12.56,0.18,0.0364,0.2997,100.0,55.99,59.2,6.59,100.0,1.6917,6,100,0.0,0.0,2.94,92,A,1,1,1,0,0,12.56
26.74,0.0814,0.0413,0.6022,100.0,36.39,75.97,0.0,100.0,7.0679,4,0,0.0,0.0,4.23,82,B,1,1,1,0,0,26.74
13.92,0.0,0.1677,0.5043,65.65,0.0,65.65,0.0,95.64,5.573,3,100,0.0,8.73,4.65,82,B,0,1,1,0,0,13.92
18.95,0.8508,0.0,0.3548,87.72,100.0,81.03,0.0,59.25,3.0501,4,100,34.61,12.28,3.03,59,C,1,0,1,0,0,18.95
6.95,0.2,0.0508,0.3684,19.04,29.64,80.96,0.0,82.13,4.5843,3,100,0.0,35.74,2.94,67,C,1,1,1,0,0,6.95
5.83,0.0146,0.0958,0.387,14.64,26.71,85.36,0.0,77.4,2.5554,3,0,0.0,45.2,3.35,67,C,0,1,1,0,0,5.83
14.64,0.2783,0.1001,0.6951,100.0,100.0,100.0,0.0,100.0,3.3143,2,66.7,0.0,0.0,3.26,74,B,1,1,1,0,0,14.64
13.06,0.2974,0.0618,0.1781,92.28,41.08,36.42,28.88,96.14,3.4617,8,100,0.0,7.72,4.19,98,A,1,1,0,0,0,13.06
13.66,0.9568,0.0686,0.2627,100.0,100.0,57.23,16.0,68.48,3.3217,4,100,31.52,0.0,5.92,69,C,1,1,1,0,0,13.66
12.41,0.0,0.2966,0.5044,54.69,0.0,54.69,0.0,100.0,9.1504,2,0,0.0,0.0,3.61,82,B,0,1,1,1,0,12.41
15.84,1.0553,0.0,0.4141,100.0,100.0,53.22,33.74,100.0,3.6387,3,100,0.0,0.0,3.51,59,C,1,0,1,0,0,15.84
11.56,0.0,0.0,0.4715,10.41,0.0,89.59,10.41,86.22,10.9859,3,100,0.0,27.56,3.14,82,B,0,0,1,1,0,11.56
17.89,0.0,0.1557,0.6374,76.21,0.0,76.21,0.0,100.0,1.8689,2,0,0.0,0.0,3.51,82,B,0,1,1,0,0,17.89
6.46,0.3511,0.0,0.3335,34.09,51.28,65.91,34.09,83.24,1.8989,3,100,0.0,33.53,4.03,77,B,1,0,1,0,0,6.46
15.89,0.4247,0.2477,0.1363,96.23,58.28,41.2,41.2,98.11,3.4659,10,100,0.0,3.77,3.69,98,A,1,1,0,0,0,15.89
20.02,0.6372,0.0,0.3305,90.4,100.0,90.4,0.0,65.01,5.8722,4,100,30.19,9.6,4.57,69,C,1,0,1,0,0,20.02
14.79,0.0,0.1016,0.3647,23.58,0.0,76.42,0.0,85.51,8.6801,3,100,0.0,28.97,3.69,82,B,0,1,1,1,0,14.79
9.45,0.0,0.0876,0.4896,67.31,0.0,67.31,0.0,90.35,3.2419,4,100,0.0,19.3,3.11,82,B,0,1,1,0,0,9.45
12.79,0.0,0.2165,0.3616,48.5,0.0,51.5,0.0,90.79,7.5327,4,100,0.0,18.43,3.03,82,B,0,1,1,0,0,12.79
16.41,0.0,0.0,0.2331,87.54,0.0,55.75,0.0,78.36,1.4338,5,100,15.41,12.46,3.03,92,A,0,0,1,0,0,16.41
12.82,0.3431,0.1381,0.3387,32.06,45.09,67.94,0.0,85.55,6.4327,3,100,0.0,28.89,3.48,92,A,1,1,1,0,0,12.82
20.69,0.3054,0.1315,0.1551,88.16,46.41,28.13,26.16,98.46,3.3787,9,100,0.0,3.07,3.47,98,A,1,1,0,0,0,20.69
9.43,0.0,0.1465,0.3389,27.47,0.0,72.53,0.0,81.16,3.4255,3,100,0.0,37.67,3.78,92,A,0,1,1,0,0,9.43
16.88,0.5119,0.0602,0.2339,100.0,66.79,48.66,27.48,100.0,1.5749,5,100,0.0,0.0,3.56,69,C,1,1,1,0,0,16.88
14.06,0.0547,0.0417,0.474,7.82,11.4,92.18,0.0,84.29,11.5752,3,100,0.0,31.42,4.5,82,B,0,1,1,1,0,14.06
15.19,0.3783,0.097,0.2259,57.99,100.0,46.63,0.0,78.99,3.633,5,100,0.0,42.01,3.18,84,B,1,1,1,0,0,15.19
12.99,0.6214,0.1592,0.1568,86.36,83.7,33.62,28.09,93.18,1.8695,9,91.7,0.0,13.64,3.06,77,B,1,1,0,0,0,12.99
18.66,0.0,0.0424,0.5545,7.96,0.0,92.04,0.0,89.47,15.9621,3,100,0.0,21.06,3.56,82,B,0,1,1,1,0,18.66
11.42,0.662,0.0238,0.1493,73.69,86.29,33.69,14.63,91.31,2.7881,9,100,0.0,17.38,3.22,77,B,1,1,0,0,0,11.42
12.77,0.5865,0.1432,0.2021,95.67,73.26,54.11,22.04,97.84,1.2094,6,100,0.0,4.33,3.66,69,C,1,1,1,0,0,12.77
12.98,0.4628,0.1708,0.1777,95.69,80.97,47.96,0.0,84.64,3.6929,8,100,13.21,4.31,4.4,84,B,1,1,1,0,0,12.98
9.01,0.2078,0.1939,0.1461,87.27,60.47,36.75,9.42,93.64,1.0977,10,100,0.0,12.73,2.96,92,A,1,1,0,0,0,9.01
12.72,0.1267,0.1496,0.2533,85.89,22.45,61.06,0.0,92.64,4.1586,8,100,3.29,8.14,3.46,92,A,1,1,1,0,0,12.72
18.36,0.0,0.0444,0.676,81.5,0.0,81.5,0.0,94.14,7.5872,4,100,0.0,11.72,4.85,82,B,0,1,1,0,0,18.36
13.18,0.4837,0.0,0.2633,92.78,55.6,36.94,28.34,96.39,1.0043,5,100,0.0,7.22,3.06,98,A,1,0,0,0,0,13.18
16.78,0.0,0.1281,0.4019,19.57,0.0,80.43,0.0,86.98,10.3355,3,100,0.0,26.04,3.14,82,B,0,1,1,1,0,16.78
18.19,0.0,0.0143,0.2977,100.0,0.0,69.78,0.0,75.13,5.4657,5,100,24.87,0.0,4.82,92,A,0,1,1,0,0,18.19
12.3,0.2398,0.1566,0.1791,80.07,75.89,33.28,4.51,93.73,2.8505,10,100,0.0,12.54,2.87,92,A,1,1,0,0,0,12.3
10.74,0.6184,0.0961,0.1312,96.34,67.28,25.8,24.88,87.14,1.7381,9,100,11.02,3.66,3.71,77,B,1,1,0,0,0,10.74
2.46,0.0,0.1005,0.3355,50.28,0.0,50.28,0.0,82.82,2.3042,4,0,0.0,34.36,2.49,77,B,0,1,1,0,0,2.46
10.98,0.0,0.1128,0.7146,82.76,0.0,82.76,0.0,100.0,4.517,2,100,0.0,0.0,3.36,82,B,0,1,1,0,0,10.98
15.29,0.8004,0.044,0.2752,100.0,100.0,52.07,0.0,78.08,3.7621,6,100,21.92,0.0,2.6,69,C,1,1,1,0,0,15.29
13.57,0.2798,0.1588,0.1603,86.37,85.9,68.07,7.15,88.93,1.9648,10,100,4.25,13.63,2.75,84,B,1,1,1,0,0,13.57
24.36,0.2269,0.1504,0.213,85.62,39.53,42.09,15.25,96.86,1.9615,9,100,0.0,6.29,3.02,98,A,1,1,0,0,0,24.36
8.28,0.1796,0.2165,0.1842,72.35,56.27,56.27,0.0,90.02,2.3316,8,83.3,0.0,19.96,3.36,92,A,1,1,1,0,0,8.28
11.72,0.8442,0.0,0.3683,75.6,100.0,53.75,53.75,87.8,3.5692,4,100,0.0,24.4,2.79,59,C,1,0,1,0,0,11.72
6.85,0.1933,0.1473,0.3398,27.61,41.46,72.39,0.0,83.3,2.3951,3,100,0.0,33.4,4.37,77,B,1,1,1,0,0,6.85
12.6,0.3952,0.0,0.2811,100.0,48.05,38.37,38.37,85.27,1.2929,4,100,14.73,0.0,3.04,98,A,1,0,0,0,0,12.6
13.92,0.8905,0.3312,0.3353,100.0,100.0,35.43,0.0,100.0,3.2742,3,100,0.0,0.0,4.58,65,C,1,1,0,0,0,13.92
9.15,0.7419,0.0722,0.3075,70.65,100.0,43.58,0.0,85.33,1.5958,4,100,0.0,29.35,3.68,77,B,1,1,0,0,0,9.15
11.3,0.4822,0.3614,0.1291,88.85,100.0,43.85,10.84,100.0,1.3806,8,100,0.0,0.0,4.14,80,B,1,1,0,0,0,11.3
9.69,0.469,0.0,0.2563,89.23,57.88,42.33,34.56,100.0,1.2199,6,100,0.0,0.0,4.09,98,A,1,0,0,0,0,9.69
8.79,0.0,0.0889,0.5251,70.26,0.0,70.26,0.0,91.92,4.4199,4,100,0.0,16.16,2.84,82,B,0,1,1,0,0,8.79
13.67,0.0,0.0941,0.7539,85.63,0.0,85.63,0.0,100.0,7.1949,2,100,0.0,0.0,6.11,82,B,0,1,1,0,0,13.67
7.8,0.0,0.1967,0.4846,62.33,0.0,62.33,0.0,96.19,4.8051,3,0,0.0,7.62,4.06,67,C,0,1,1,0,0,7.8
9.07,0.0,0.1114,0.5061,68.15,0.0,68.15,0.0,92.58,5.6906,4,100,0.0,14.83,4.0,82,B,0,1,1,0,0,9.07
19.5,0.5359,0.0794,0.2932,100.0,100.0,68.73,0.0,100.0,2.6965,4,100,0.0,0.0,4.08,69,C,1,1,1,0,0,19.5
11.64,0.0,0.1296,0.4552,63.39,0.0,63.39,0.0,91.6,2.4301,4,0,0.0,16.81,1.58,82,B,0,1,1,0,0,11.64
17.18,0.0,0.0794,0.4555,18.43,0.0,81.57,0.0,90.15,14.3476,3,100,0.0,19.71,4.71,82,B,0,1,1,1,0,17.18
13.24,0.177,0.2517,0.1641,72.98,31.69,38.57,11.13,93.36,2.814,9,100,0.0,13.27,3.56,98,A,1,1,0,0,0,13.24
11.35,0.1554,0.1243,0.1288,88.13,21.39,41.29,17.74,94.06,0.7405,9,0,0.0,11.87,3.62,98,A,1,1,0,0,0,11.35
4.05,0.8878,0.1538,0.1694,62.72,100.0,37.28,0.0,74.54,2.2801,6,100,15.84,19.25,3.93,62,C,1,1,0,0,0,4.05
15.8,0.0,0.0232,0.176,85.72,0.0,29.56,22.04,72.0,2.481,7,100,20.86,14.28,2.96,98,A,0,1,0,0,0,15.8
11.25,0.507,0.2631,0.1494,92.52,91.28,43.24,0.0,96.26,2.3884,9,75.0,0.0,7.48,2.97,77,B,1,1,0,0,0,11.25
19.7,0.0,0.0684,0.7339,84.9,0.0,84.9,0.0,97.67,1.4047,3,83.3,0.0,4.66,2.42,82,B,0,1,1,0,0,19.7
10.42,0.0,0.0,0.262,87.83,0.0,50.01,0.0,70.6,0.7453,5,100,23.31,12.17,4.29,92,A,0,0,1,0,0,10.42
8.98,0.0,0.1348,0.2614,77.16,0.0,63.13,0.0,95.16,2.8852,7,0,0.0,9.68,3.39,92,A,0,1,1,0,0,8.98
13.75,0.2669,0.1336,0.3807,80.77,100.0,80.77,0.0,90.38,1.9577,3,100,0.0,19.23,3.47,74,B,1,1,1,0,0,13.75
14.54,0.3584,0.044,0.1698,100.0,57.05,42.23,27.85,100.0,0.6694,7,100,0.0,0.0,2.69,98,A,1,1,0,0,0,14.54
8.59,0.0817,0.0,0.4312,7.93,14.09,92.07,7.93,78.13,4.8102,3,100,0.0,43.73,2.34,82,B,1,0,1,0,0,8.59
16.37,0.1784,0.0489,0.3528,78.52,79.23,56.35,0.0,88.36,6.2358,7,100,5.48,12.31,3.57,74,B,1,1,1,0,0,16.37
9.36,0.1439,0.1096,0.3995,0.0,21.65,100.0,0.0,81.65,10.4647,3,100,0.0,36.69,4.39,82,B,1,1,1,1,0,9.36
21.99,0.7529,0.0541,0.3134,90.56,100.0,42.12,0.0,62.62,5.2625,5,100,32.66,9.44,3.6,77,B,1,1,0,0,0,21.99
6.54,0.1847,0.0,0.219,80.62,100.0,48.78,0.0,90.31,1.2565,5,100,0.0,19.38,2.13,69,C,1,0,1,0,0,6.54
12.95,0.0,0.1315,0.493,66.62,0.0,66.62,0.0,93.35,2.0202,4,100,0.0,13.29,1.86,82,B,0,1,1,0,0,12.95
10.98,0.681,0.1606,0.3649,80.72,100.0,43.43,0.0,90.36,3.5758,3,100,0.0,19.28,4.34,67,C,1,1,1,0,0,10.98
5.75,0.0,0.1589,0.5154,67.0,0.0,67.0,0.0,95.63,3.3461,3,100,0.0,8.73,3.54,67,C,0,1,1,0,0,5.75
20.41,0.7307,0.11,0.2384,100.0,81.83,54.07,22.41,100.0,0.0,6,100,0.0,0.0,2.87,69,C,1,1,1,0,0,20.41
17.66,0.4859,0.1653,0.2691,100.0,80.95,52.55,0.0,100.0,5.8396,6,100,0.0,0.0,4.81,84,B,1,1,1,0,0,17.66
13.17,0.0,0.0736,0.623,77.27,0.0,77.27,0.0,94.26,5.1699,3,100,0.0,11.48,2.59,82,B,0,1,1,0,0,13.17
14.99,0.3394,0.3265,0.5,100.0,100.0,50.12,0.0,100.0,0.0,2,100,0.0,0.0,2.01,62,C,1,1,1,0,0,14.99
12.98,0.7071,0.1061,0.1829,71.45,100.0,32.69,23.29,85.72,2.2488,6,100,0.0,28.55,3.44,77,B,1,1,0,0,0,12.98
7.15,0.0,0.0,0.3576,21.49,0.0,78.51,0.0,78.37,3.2863,3,0,0.0,43.25,4.51,67,C,0,0,1,0,0,7.15
11.91,0.0716,0.0,0.2239,77.69,33.54,64.17,0.0,75.32,2.3519,6,100,13.52,22.31,3.34,92,A,1,0,1,0,0,11.91
7.87,0.0,0.1617,0.6279,75.29,0.0,75.29,0.0,100.0,1.9353,2,0,0.0,0.0,3.46,67,C,0,1,1,0,0,7.87
8.12,0.4446,0.3405,0.1957,53.89,63.69,46.11,0.0,81.46,4.2337,6,100,10.86,15.38,2.19,72,B,1,1,1,0,0,8.12
11.25,0.0,0.1205,0.5078,67.35,0.0,67.35,0.0,92.88,1.5491,3,100,0.0,14.24,2.12,82,B,0,1,1,0,0,11.25
15.3,0.4703,0.085,0.2158,81.45,56.06,45.66,45.66,90.72,3.2606,6,100,0.0,18.55,2.9,92,A,1,1,1,0,0,15.3
10.9,0.0,0.2167,0.2393,81.61,0.0,55.48,55.48,90.8,1.6818,5,100,0.0,18.39,3.41,92,A,0,1,1,0,0,10.9
12.6,0.385,0.1298,0.2242,88.66,47.84,46.06,23.23,94.33,0.8206,6,100,0.0,11.34,3.82,92,A,1,1,1,0,0,12.6
7.6,0.0,0.1125,0.3561,21.09,0.0,78.91,0.0,80.84,3.3058,3,100,0.0,38.33,3.92,67,C,0,1,1,0,0,7.6
15.36,0.1066,0.0,0.4601,10.35,14.66,89.65,10.35,85.3,11.5528,3,100,0.0,29.4,3.69,82,B,1,0,1,1,0,15.36
18.95,0.0,0.1551,0.6384,76.31,0.0,76.31,0.0,100.0,5.2149,2,100,0.0,0.0,4.19,82,B,0,1,1,0,0,18.95
19.68,0.0,0.1164,0.5701,72.77,0.0,72.77,0.0,95.27,1.9088,3,100,0.0,9.45,1.54,82,B,0,1,1,0,0,19.68
4.62,0.223,0.1882,0.1842,67.79,75.49,36.29,0.0,88.58,2.3257,7,100,0.0,22.83,3.93,77,B,1,1,0,0,0,4.62
5.33,0.0,0.1593,0.5371,68.79,0.0,68.79,0.0,96.56,2.125,3,100,0.0,6.88,2.56,67,C,0,1,1,0,0,5.33
11.18,0.0,0.0855,0.5321,70.7,0.0,70.7,0.0,91.88,1.3364,4,100,0.0,16.23,3.0,82,B,0,1,1,0,0,11.18
11.03,0.1311,0.0,0.1967,70.03,100.0,47.43,0.0,85.02,3.3696,6,0,0.0,29.97,2.82,84,B,1,0,1,0,0,11.03
12.73,0.0,0.0678,0.6384,78.85,0.0,78.85,0.0,94.6,6.3256,4,100,0.0,10.8,3.43,82,B,0,1,1,0,0,12.73
13.14,0.3414,0.1056,0.1373,86.33,72.74,42.64,0.0,80.12,0.957,8,100,13.05,13.67,3.47,92,A,1,1,0,0,0,13.14
9.51,0.0,0.1553,0.4839,64.29,0.0,64.29,0.0,94.0,2.8727,3,100,0.0,11.99,2.81,82,B,0,1,1,0,0,9.51
11.25,0.0,0.1423,0.6597,78.26,0.0,78.26,0.0,100.0,5.3979,2,100,0.0,0.0,4.88,82,B,0,1,1,0,0,11.25
19.87,0.3903,0.1687,0.1516,77.2,88.27,44.69,0.0,83.56,4.6375,11,100,9.25,14.39,3.14,92,A,1,1,0,0,0,19.87
8.78,0.5968,0.3967,0.2157,100.0,100.0,56.23,0.0,100.0,0.0,6,0,0.0,0.0,3.02,57,C,1,1,1,0,0,8.78
10.48,0.0,0.0998,0.4035,0.0,0.0,100.0,0.0,80.61,9.0142,3,100,0.0,38.78,3.27,82,B,0,1,1,1,0,10.48
8.99,0.1339,0.3265,0.1903,85.85,29.28,41.74,5.38,97.1,1.0365,9,100,0.0,5.8,4.31,88,A,1,1,0,0,0,8.99
16.66,0.5525,0.0,0.3227,81.61,100.0,81.61,0.0,90.81,2.3991,6,100,0.0,18.39,3.33,69,C,1,0,1,0,0,16.66
7.66,0.0,0.0,0.3832,15.22,0.0,84.78,0.0,62.72,3.017,3,0,15.22,44.13,1.86,67,C,0,0,1,0,0,7.66
8.97,0.6103,0.0695,0.2668,57.53,100.0,42.47,0.0,78.76,1.7807,4,100,0.0,42.47,3.03,77,B,1,1,0,0,0,8.97
5.89,0.0,0.1379,0.4414,61.77,0.0,61.77,0.0,91.42,2.7041,4,100,0.0,17.16,2.97,67,C,0,1,1,0,0,5.89
7.56,0.0,0.1022,0.3639,19.16,0.0,80.84,0.0,80.5,5.3739,3,100,0.0,38.99,4.82,67,C,0,1,1,0,0,7.56
22.36,0.2468,0.0439,0.2598,100.0,79.47,45.79,11.77,100.0,5.8395,5,100,0.0,0.0,3.55,84,B,1,1,1,0,0,22.36
10.78,0.6893,0.0,0.2624,93.56,100.0,82.28,0.0,67.45,0.3282,5,100,29.33,6.44,3.81,69,C,1,0,1,0,0,10.78
5.46,0.6029,0.3926,0.157,84.05,86.28,66.47,0.0,79.7,2.1632,7,100,20.3,0.0,4.62,42,D,1,1,1,0,0,5.46
18.2,0.4138,0.0,0.3406,40.18,58.19,59.82,40.18,84.52,5.7632,3,0,0.0,30.96,3.37,92,A,1,0,1,0,0,18.2
11.14,0.2448,0.0,0.3302,100.0,100.0,51.29,0.0,87.54,0.0,4,0,12.46,0.0,4.82,84,B,1,0,1,0,0,11.14
16.7,0.0,0.1343,0.3607,20.51,0.0,79.49,0.0,81.98,3.9818,3,100,0.0,36.04,2.22,82,B,0,1,1,0,0,16.7
5.29,0.0,0.078,0.2229,87.41,0.0,42.64,19.78,100.0,0.4177,6,100,0.0,0.0,3.86,85,B,0,1,0,0,0,5.29
17.25,0.0,0.1791,0.4506,59.97,0.0,59.97,0.0,93.67,7.0064,3,0,0.0,12.67,2.84,82,B,0,1,1,0,0,17.25
11.16,0.7719,0.2919,0.174,78.17,100.0,36.16,0.0,97.38,1.6533,8,100,0.0,5.24,2.86,77,B,1,1,0,0,0,11.16
10.73,0.0,0.1317,0.6785,79.88,0.0,79.88,0.0,100.0,4.7484,2,100,0.0,0.0,5.39,82,B,0,1,1,0,0,10.73
15.24,0.4014,0.0,0.2983,70.89,100.0,38.23,0.0,85.44,2.4353,4,100,0.0,29.11,2.75,92,A,1,0,0,0,0,15.24
10.23,0.3891,0.0,0.2559,100.0,37.88,52.02,19.86,100.0,2.6104,4,100,0.0,0.0,4.31,92,A,1,0,1,0,0,10.23
8.55,0.5754,0.2157,0.119,85.39,87.9,39.7,0.0,83.84,1.7214,10,100,8.85,14.61,3.67,77,B,1,1,0,0,0,8.55
16.33,0.1093,0.0,0.2389,77.31,14.35,38.68,38.68,93.86,4.4399,7,100,0.0,12.28,2.99,98,A,1,0,0,0,0,16.33
14.68,0.2085,0.0,0.4274,83.73,100.0,62.39,13.56,95.14,4.9211,5,100,0.0,9.72,3.38,74,B,1,0,1,0,0,14.68
13.98,0.618,0.3951,0.1229,91.82,81.75,41.6,0.0,84.52,0.1993,9,100,15.48,0.0,2.91,65,C,1,1,0,0,0,13.98
17.55,0.1773,0.1469,0.298,88.02,100.0,47.08,0.0,94.01,4.8912,6,100,0.0,11.98,3.22,84,B,1,1,1,0,0,17.55
15.18,0.0,0.0595,0.4251,13.8,0.0,86.2,0.0,85.03,9.6029,3,91.7,0.0,29.95,2.11,82,B,0,1,1,1,0,15.18
4.69,0.0,0.125,0.4678,63.26,0.0,63.26,0.0,91.18,1.774,3,100,0.0,17.64,2.95,67,C,0,1,1,0,0,4.69
4.87,0.0,0.0257,0.4182,9.64,0.0,90.36,0.0,78.29,6.204,3,0,0.0,43.42,5.34,67,C,0,1,1,0,0,4.87
7.99,0.6494,0.0697,0.3135,70.56,100.0,44.43,0.0,85.28,1.0452,4,100,0.0,29.44,2.7,62,C,1,1,0,0,0,7.99
10.26,0.4464,0.0,0.304,80.16,54.07,43.34,43.34,83.2,2.7667,5,100,6.88,19.84,4.1,98,A,1,0,0,0,0,10.26
8.36,0.6115,0.0,0.204,75.74,100.0,39.0,0.0,87.87,1.0477,6,100,0.0,24.26,3.13,77,B,1,0,0,0,0,8.36
7.32,0.1816,0.0204,0.3518,94.3,49.0,54.8,0.0,79.85,0.6384,6,100,17.3,5.7,3.64,67,C,1,1,1,0,0,7.32
1.75,0.3758,0.1507,0.3861,100.0,100.0,83.67,0.0,100.0,0.468,3,83.3,0.0,0.0,4.48,59,C,1,1,1,0,0,1.75
3.13,0.2132,0.0858,0.3692,19.93,37.4,80.07,0.0,76.64,2.7892,3,100,0.0,46.72,3.71,67,C,0,1,1,0,0,3.13
14.8,0.6583,0.0,0.313,89.88,100.0,42.45,42.45,94.94,5.3773,4,100,0.0,10.12,5.11,77,B,1,0,0,0,0,14.8
6.42,0.0,0.1485,0.3505,22.69,0.0,77.31,0.0,80.24,0.5475,3,100,0.0,39.52,1.6,67,C,0,1,1,0,0,6.42
13.69,0.0,0.0911,0.6563,79.54,0.0,79.54,0.0,96.73,5.081,3,100,0.0,6.55,3.29,82,B,0,1,1,0,0,13.69
16.17,0.0,0.0678,0.4703,10.36,0.0,89.64,0.0,86.09,10.9018,3,100,0.0,27.83,2.84,82,B,0,1,1,1,0,16.17
4.15,0.0,0.1089,0.5335,69.82,0.0,69.82,0.0,93.23,0.7629,3,100,0.0,13.55,2.5,67,C,0,1,1,0,0,4.15
20.57,0.0861,0.0851,0.3333,100.0,39.51,80.16,0.0,100.0,0.0,6,100,0.0,0.0,3.54,92,A,0,1,1,0,0,20.57
10.42,0.0,0.0999,0.3857,15.27,0.0,84.73,0.0,76.76,3.7949,3,100,0.0,46.48,2.51,82,B,0,1,1,0,0,10.42
8.85,0.0,0.08,0.4038,12.23,0.0,87.77,0.0,80.19,6.8696,3,100,0.0,39.61,4.63,82,B,0,1,1,0,0,8.85
7.99,0.1043,0.1177,0.3783,17.99,27.28,82.01,0.0,82.97,6.1538,3,100,0.0,34.07,4.0,67,C,1,1,1,0,0,7.99
5.95,0.1951,0.1486,0.3709,0.0,34.18,100.0,0.0,77.18,4.8295,3,100,0.0,45.65,2.8,67,C,1,1,1,0,0,5.95
11.72,0.0,0.1258,0.6894,80.77,0.0,80.77,0.0,100.0,2.5252,2,66.7,0.0,0.0,1.95,82,B,0,1,1,0,0,11.72
12.57,0.0,0.0574,0.4137,10.75,0.0,89.25,0.0,79.9,7.7503,3,100,0.0,40.2,2.7,82,B,0,1,1,0,0,12.57
21.3,0.0,0.0711,0.6437,79.15,0.0,79.15,0.0,95.0,7.1617,4,100,0.0,9.99,2.48,82,B,0,1,1,0,0,21.3
13.07,0.0737,0.0,0.5,7.02,9.85,92.98,0.0,78.59,13.3542,3,0,7.02,28.78,3.66,82,B,1,0,1,1,0,13.07
11.96,0.0,0.1045,0.4383,62.18,0.0,62.18,0.0,89.08,2.4363,4,100,0.0,21.84,2.26,82,B,0,1,1,0,0,11.96
10.69,0.9839,0.2785,0.2953,100.0,100.0,70.21,70.21,100.0,0.0,4,100,0.0,0.0,3.64,69,C,1,1,1,0,0,10.69
12.93,0.4429,0.179,0.2158,91.45,55.32,41.68,41.68,100.0,0.0201,6,100,0.0,0.0,4.55,98,A,1,1,0,0,0,12.93
10.9,0.3211,0.0177,0.3111,78.28,38.67,48.01,48.01,89.14,3.5718,5,100,0.0,21.72,3.68,92,A,1,1,1,0,0,10.9
11.5,0.0192,0.1255,0.3944,19.18,26.62,80.82,0.0,86.02,9.5321,3,100,0.0,27.96,4.26,82,B,0,1,1,1,0,11.5
8.82,0.0,0.1188,0.3679,18.15,0.0,81.85,0.0,79.47,2.8953,3,100,0.0,41.06,2.69,82,B,0,1,1,0,0,8.82
7.36,0.0971,0.0,0.4382,9.24,14.43,90.76,0.0,72.78,7.7228,3,100,9.24,35.94,3.26,67,C,1,0,1,0,0,7.36
11.47,0.0,0.0,0.3717,18.41,0.0,81.59,0.0,82.1,8.1291,3,100,0.0,35.79,3.7,82,B,0,0,1,1,0,11.47
11.24,0.1101,0.0839,0.4586,0.0,14.86,100.0,0.0,85.28,11.9933,3,100,0.0,29.43,3.65,82,B,1,1,1,1,0,11.24
18.23,0.0,0.071,0.6072,76.6,0.0,76.6,0.0,93.72,6.5801,4,100,0.0,12.55,3.7,82,B,0,1,1,0,0,18.23
7.95,0.0,0.0617,0.15,84.02,0.0,39.51,0.0,83.22,1.7636,8,100,8.79,15.98,3.74,85,B,0,1,0,0,0,7.95
18.35,0.0,0.1495,0.4757,64.45,0.0,64.45,0.0,93.65,2.8136,4,100,0.0,12.71,1.95,82,B,0,1,1,0,0,18.35
21.76,0.0367,0.1364,0.3247,84.44,42.88,59.53,0.0,92.22,4.1718,8,100,0.0,15.56,2.4,92,A,1,1,1,0,0,21.76
16.76,0.4501,0.2577,0.1729,76.93,100.0,33.92,10.19,100.0,7.7079,7,100,0.0,0.0,5.03,92,A,1,1,0,0,0,16.76
14.86,0.668,0.0335,0.2258,100.0,100.0,68.19,0.0,65.61,3.6961,6,100,34.39,0.0,3.36,69,C,1,1,1,0,0,14.86
21.5,0.2587,0.0,0.2021,93.39,32.95,34.35,33.28,96.7,1.6989,7,100,0.0,6.61,2.67,98,A,1,0,0,0,0,21.5
16.68,0.0,0.0965,0.7487,85.26,0.0,85.26,0.0,100.0,5.6094,2,100,0.0,0.0,4.16,82,B,0,1,1,0,0,16.68
12.71,0.2414,0.1903,0.111,78.57,62.23,55.7,0.0,74.65,2.0835,10,100,14.64,21.43,3.51,84,B,1,1,1,0,0,12.71
14.43,0.0,0.1938,0.4515,59.29,0.0,59.29,0.0,94.45,8.2231,3,100,0.0,11.1,4.02,82,B,0,1,1,1,0,14.43
21.42,0.0,0.0276,0.5485,10.33,0.0,89.67,0.0,90.61,17.4216,3,100,0.0,18.77,4.05,82,B,0,1,1,1,0,21.42
10.87,0.574,0.2177,0.1861,80.33,54.68,45.32,14.12,92.4,3.0767,6,100,7.6,0.0,3.71,77,B,1,1,1,0,0,10.87
15.11,0.0,0.1567,0.4932,65.11,0.0,65.11,0.0,94.53,6.196,3,100,0.0,10.95,3.77,82,B,0,1,1,0,0,15.11
20.2,0.8167,0.0659,0.3862,100.0,100.0,52.08,0.0,100.0,3.488,3,100,0.0,0.0,3.34,59,C,1,1,1,0,0,20.2
14.32,0.7133,0.0,0.1832,86.19,100.0,30.42,30.42,86.53,4.7094,9,100,6.57,13.81,3.15,77,B,1,0,0,0,0,14.32
14.68,0.5887,0.0,0.2267,100.0,100.0,40.78,0.0,100.0,0.0,5,100,0.0,0.0,2.64,77,B,1,0,0,0,0,14.68
5.52,0.0,0.1537,0.3502,23.48,0.0,76.52,0.0,79.17,2.0977,3,100,0.0,41.66,3.17,67,C,0,1,1,0,0,5.52
10.55,0.0,0.0743,0.4087,11.35,0.0,88.65,0.0,79.73,5.7077,3,100,0.0,40.54,2.57,82,B,0,1,1,0,0,10.55
22.75,0.1307,0.1451,0.132,94.44,19.74,41.79,11.82,97.22,5.4067,9,100,0.0,5.56,4.28,98,A,1,1,0,0,0,22.75
17.81,0.0,0.0817,0.7816,87.53,0.0,87.53,0.0,100.0,7.7969,2,0,0.0,0.0,4.76,82,B,0,1,1,0,0,17.81
6.54,0.0803,0.0,0.2147,100.0,16.97,43.69,23.28,100.0,0.5486,6,100,0.0,0.0,3.64,85,B,1,0,0,0,0,6.54
11.01,0.1612,0.1005,0.3843,15.35,25.08,84.65,0.0,80.59,7.9333,3,100,0.0,38.81,4.42,82,B,1,1,1,0,0,11.01
6.71,0.0,0.1848,0.3338,47.36,0.0,52.64,0.0,87.79,5.5132,4,100,0.0,24.41,3.08,77,B,0,1,1,0,0,6.71
11.96,0.1358,0.0,0.4782,10.21,13.97,89.79,0.0,86.54,11.8456,3,0,0.0,26.92,3.08,82,B,1,0,1,1,0,11.96
9.38,0.3202,0.0,0.3488,100.0,29.92,43.31,43.31,100.0,1.6693,3,100,0.0,0.0,4.12,98,A,1,0,0,0,0,9.38
7.17,0.0,0.0,0.4231,9.3,0.0,90.7,0.0,79.31,5.4214,3,100,0.0,41.39,2.8,67,C,0,0,1,0,0,7.17
14.46,0.5386,0.2012,0.2333,83.93,76.54,41.43,0.0,91.96,3.5294,7,100,0.0,16.07,2.92,77,B,1,1,0,0,0,14.46
10.92,0.8899,0.0622,0.3792,90.16,100.0,75.72,0.0,74.82,3.7004,4,100,20.26,9.84,3.53,59,C,1,1,1,0,0,10.92
10.65,0.3164,0.0,0.1816,82.73,41.14,44.56,21.29,91.37,0.5709,7,100,0.0,17.27,2.98,98,A,1,0,0,0,0,10.65
6.08,0.5172,0.0504,0.1423,72.54,100.0,51.52,0.0,70.35,2.0239,8,100,15.93,27.46,3.6,54,D,1,1,1,0,0,6.08
16.01,0.0,0.1393,0.4458,0.0,0.0,100.0,0.0,89.0,14.5568,3,100,0.0,21.99,4.46,82,B,0,1,1,1,0,16.01
19.36,0.6223,0.0,0.256,77.23,100.0,58.12,0.0,69.5,1.4732,5,100,19.11,22.77,3.17,69,C,1,0,1,0,0,19.36
-0.63,0.3762,0.121,0.1675,73.13,100.0,51.82,0.0,86.56,1.3169,7,100,0.0,26.87,2.86,69,C,1,1,1,0,0,-0.63
3.94,0.5215,0.0741,0.2781,59.81,100.0,59.81,0.0,79.91,1.4263,4,100,0.0,40.19,3.28,54,D,1,1,1,0,0,3.94
11.57,0.1289,0.165,0.1901,87.72,20.86,63.67,13.7,89.54,1.4119,8,100,10.46,0.0,3.71,92,A,1,1,1,0,0,11.57
1.44,0.0,0.2665,0.5172,59.28,0.0,59.28,0.0,100.0,3.7225,2,100,0.0,0.0,4.16,67,C,0,1,1,0,0,1.44
12.31,0.0079,0.0515,0.4742,7.87,11.46,92.13,0.0,84.36,13.1373,3,0,0.0,31.29,4.71,82,B,0,1,1,1,0,12.31
14.0,0.0,0.0626,0.6056,76.54,0.0,76.54,0.0,93.05,3.0534,4,100,0.0,13.9,3.26,82,B,0,1,1,0,0,14.0
12.55,0.3685,0.3555,0.2374,92.53,59.0,76.38,8.58,96.26,2.1369,6,100,0.0,7.47,3.42,80,B,1,1,1,0,0,12.55
7.63,0.4931,0.1248,0.1533,86.57,55.2,41.56,23.63,93.28,1.8373,9,100,0.0,13.43,3.77,85,B,1,1,0,0,0,7.63
4.06,0.0,0.1736,0.6102,73.48,0.0,73.48,0.0,100.0,1.9605,2,100,0.0,0.0,3.61,67,C,0,1,1,0,0,4.06
12.68,0.0,0.108,0.42,0.0,0.0,100.0,0.0,84.26,9.8918,3,100,0.0,31.48,3.73,82,B,0,1,1,1,0,12.68
11.04,0.0,0.1028,0.7353,84.3,0.0,84.3,0.0,100.0,4.9248,2,100,0.0,0.0,4.8,82,B,0,1,1,0,0,11.04
17.16,0.5625,0.2038,0.3919,94.42,100.0,48.69,0.0,97.21,4.3039,4,100,0.0,5.58,3.66,59,C,1,1,1,0,0,17.16
11.61,0.2555,0.0,0.1858,77.49,51.53,29.74,23.18,75.76,1.3191,6,100,12.99,22.51,2.06,98,A,1,0,0,0,0,11.61
7.39,0.0,0.0,0.3832,15.19,0.0,84.81,0.0,79.57,3.6888,3,100,0.0,40.86,1.66,67,C,0,0,1,0,0,7.39
18.0,0.0,0.0688,0.5958,75.84,0.0,75.84,0.0,93.18,6.9303,4,0,0.0,13.65,3.38,82,B,0,1,1,0,0,18.0
16.69,0.3531,0.129,0.2944,87.14,33.95,64.44,13.45,93.57,3.6269,6,100,0.0,12.86,3.56,92,A,1,1,1,0,0,16.69
12.23,0.6699,0.1372,0.1468,68.96,84.59,31.04,17.72,90.21,2.1491,8,100,0.0,19.59,2.15,77,B,1,1,0,0,0,12.23
9.03,0.1506,0.1147,0.3951,0.0,22.64,100.0,0.0,81.67,5.7052,3,100,0.0,36.66,3.55,82,B,1,1,1,0,0,9.03
9.29,0.4312,0.0,0.2637,100.0,48.27,34.74,34.74,100.0,1.5747,5,100,0.0,0.0,2.97,98,A,1,0,0,0,0,9.29
11.08,0.0,0.0,0.3752,18.39,0.0,81.61,18.39,82.84,7.2827,3,100,0.0,34.33,3.57,82,B,0,0,1,0,0,11.08
10.9,0.3992,0.0,0.1907,68.55,100.0,68.55,0.0,57.66,1.5913,6,100,26.62,31.45,3.06,84,B,1,0,1,0,0,10.9
14.59,0.0,0.1603,0.6301,75.51,0.0,75.51,0.0,100.0,6.6343,2,100,0.0,0.0,4.71,82,B,0,1,1,0,0,14.59
9.02,0.3247,0.0,0.3817,70.08,100.0,55.98,0.0,85.04,3.4533,4,100,0.0,29.92,2.99,74,B,1,0,1,0,0,9.02
15.85,0.5325,0.1905,0.1913,100.0,76.12,36.49,5.96,100.0,1.6158,6,100,0.0,0.0,4.31,77,B,1,1,0,0,0,15.85
11.23,0.4786,0.2914,0.188,75.86,100.0,66.64,0.0,87.93,1.2424,6,100,0.0,24.14,1.26,84,B,1,1,1,0,0,11.23
7.54,0.4596,0.528,0.1592,89.72,100.0,49.41,0.0,94.86,1.3773,8,100,0.0,10.28,4.23,57,C,1,1,1,0,0,7.54
7.63,0.3627,0.1333,0.1167,73.04,70.73,41.68,17.08,86.52,1.473,10,100,0.0,26.96,3.24,77,B,1,1,0,0,0,7.63
12.32,0.0,0.2484,0.3342,0.0,0.0,100.0,0.0,83.01,10.1465,3,100,0.0,33.98,3.66,92,A,0,1,1,1,0,12.32
11.75,0.0,0.0,0.3401,26.73,0.0,73.27,0.0,82.17,4.0791,3,0,0.0,35.66,2.66,92,A,0,0,1,0,0,11.75
14.33,0.1935,0.0,0.412,77.96,24.09,59.17,18.78,88.98,5.4909,4,100,0.0,22.04,3.3,82,B,1,0,1,0,0,14.33
8.9,0.0759,0.0386,0.3142,73.56,38.55,69.54,0.0,86.78,2.0038,6,0,0.0,26.44,2.79,92,A,1,1,1,0,0,8.9
7.04,0.4269,0.0,0.289,59.35,62.42,40.65,0.0,100.0,2.132,4,100,0.0,0.0,2.66,77,B,1,0,0,0,0,7.04
2.94,0.0,0.1564,0.3964,56.5,0.0,56.5,0.0,90.19,2.6749,4,0,0.0,19.61,2.6,67,C,0,1,1,0,0,2.94
9.29,0.0736,0.1293,0.3341,76.06,33.71,59.62,0.0,95.29,3.806,6,100,0.0,9.42,3.69,92,A,1,1,1,0,0,9.29
13.99,0.6488,0.2558,0.2121,77.8,100.0,64.46,0.0,83.43,0.9925,6,100,11.71,9.72,2.98,69,C,1,1,1,0,0,13.99
6.23,0.0,0.0,0.362,19.55,0.0,80.45,19.55,80.33,2.0044,3,100,0.0,39.35,3.26,67,C,0,0,1,0,0,6.23
10.8,0.0,0.1002,0.3988,0.0,0.0,100.0,0.0,78.89,2.9128,3,100,0.0,42.22,1.47,82,B,0,1,1,0,0,10.8
8.87,0.1391,0.106,0.3607,19.87,32.58,80.13,0.0,80.5,2.5763,3,100,0.0,39.01,2.93,82,B,1,1,1,0,0,8.87
13.75,0.1399,0.0,0.3951,13.59,22.33,86.41,13.59,80.42,6.909,3,100,0.0,39.16,2.31,82,B,1,0,1,0,0,13.75
14.37,0.116,0.0,0.3006,86.75,58.07,67.36,11.26,85.24,3.0548,6,100,8.13,13.25,2.77,92,A,1,0,1,0,0,14.37
2.92,0.4024,0.0937,0.24,94.93,100.0,60.47,0.0,97.46,0.5695,6,100,0.0,5.07,3.38,69,C,1,1,1,0,0,2.92
11.94,0.1052,0.0,0.4443,10.21,15.13,89.79,10.21,83.76,8.2856,3,100,0.0,32.48,2.42,82,B,1,0,1,1,0,11.94
13.12,0.1976,0.1232,0.4202,18.82,24.75,81.18,0.0,88.01,10.9639,3,100,0.0,23.97,3.87,82,B,1,1,1,1,0,13.12
16.35,0.2474,0.0781,0.1178,85.1,45.33,38.7,12.06,86.18,3.755,10,100,6.37,14.9,3.59,98,A,1,1,0,0,0,16.35
7.71,0.0,0.0,0.3697,18.01,0.0,81.99,18.01,78.31,4.1819,3,100,0.0,43.38,3.88,67,C,0,0,1,0,0,7.71
15.28,0.782,0.2312,0.1511,100.0,73.11,40.86,23.15,100.0,3.2943,9,100,0.0,0.0,3.24,77,B,1,1,0,0,0,15.28
12.18,0.3101,0.0737,0.1939,96.76,47.79,41.12,0.0,98.38,1.3474,7,100,0.0,3.24,4.13,98,A,1,1,0,0,0,12.18
14.65,0.0,0.1755,0.3434,26.81,0.0,73.19,0.0,83.85,5.5558,3,100,0.0,32.31,2.82,92,A,0,1,1,0,0,14.65
16.87,0.0,0.0702,0.7299,84.63,0.0,84.63,0.0,97.68,4.8639,3,100,0.0,4.65,3.42,82,B,0,1,1,0,0,16.87
11.72,0.6395,0.0,0.2617,60.34,100.0,60.34,0.0,49.66,2.0188,4,100,30.51,39.66,2.21,69,C,1,0,1,0,0,11.72
10.62,0.296,0.1081,0.1473,79.61,51.48,25.17,17.56,90.57,3.6761,8,100,5.76,7.33,3.04,98,A,1,1,0,0,0,10.62
8.46,0.6266,0.1319,0.1922,77.97,67.97,41.46,41.46,88.99,0.5295,6,100,0.0,22.03,2.09,77,B,1,1,0,0,0,8.46
9.28,0.0,0.0,0.3338,33.95,0.0,66.05,0.0,84.21,4.5298,3,100,0.0,31.59,4.3,92,A,0,0,1,0,0,9.28
16.28,0.0,0.2113,0.2058,75.92,0.0,51.03,0.0,92.74,2.3033,8,100,0.0,14.53,3.07,92,A,0,1,1,0,0,16.28
10.58,0.0,0.0,0.3817,15.58,0.0,84.42,0.0,64.49,7.0512,3,100,15.58,39.87,3.36,82,B,0,0,1,0,0,10.58
11.44,0.1409,0.159,0.3547,24.29,35.26,75.71,0.0,84.44,5.5457,3,100,0.0,31.12,3.27,82,B,1,1,1,0,0,11.44
7.51,0.0623,0.0,0.462,85.02,100.0,85.02,0.0,92.51,0.6836,3,0,0.0,14.98,3.89,59,C,0,0,1,0,0,7.51
13.02,0.6101,0.1486,0.1806,100.0,67.35,30.97,26.15,100.0,0.0,7,100,0.0,0.0,2.73,77,B,1,1,0,0,0,13.02
7.45,0.1156,0.1304,0.3606,19.92,33.97,80.08,0.0,79.33,4.1907,3,100,0.0,41.34,3.93,67,C,0,1,1,0,0,7.45
22.76,0.0,0.0,0.3768,100.0,0.0,47.21,47.21,100.0,5.3738,3,100,0.0,0.0,4.97,82,B,0,0,1,0,0,22.76
10.04,0.0,0.096,0.3856,14.67,0.0,85.33,0.0,78.49,5.3362,3,100,0.0,43.03,3.2,82,B,0,1,1,0,0,10.04
5.6,0.2634,0.0,0.3458,25.57,43.6,74.43,25.57,79.33,2.5393,3,0,0.0,41.35,4.54,77,B,1,0,1,0,0,5.6
14.26,0.4912,0.1977,0.1783,100.0,47.3,46.92,19.42,95.76,2.3586,8,100,4.24,0.0,3.49,92,A,1,1,1,0,0,14.26
9.6,0.2543,0.261,0.2122,90.98,49.61,39.21,0.0,88.56,1.103,8,100,11.44,0.0,2.75,98,A,1,1,0,0,0,9.6
15.35,0.5366,0.2249,0.2108,94.86,100.0,79.95,0.0,97.43,1.4983,7,100,0.0,5.14,2.07,69,C,1,1,1,0,0,15.35
23.14,0.6265,0.079,0.5042,100.0,100.0,66.32,0.0,100.0,4.9571,3,100,0.0,0.0,2.46,59,C,1,1,1,0,0,23.14
15.58,0.0,0.1462,0.6531,77.67,0.0,77.67,0.0,100.0,2.8077,2,100,0.0,0.0,1.84,82,B,0,1,1,0,0,15.58
12.79,0.3278,0.1619,0.1444,85.67,47.2,35.71,35.71,92.83,2.0383,9,100,0.0,14.33,2.39,98,A,1,1,0,0,0,12.79
12.12,0.1762,0.1342,0.3748,0.0,29.4,100.0,0.0,78.54,6.1965,3,100,0.0,42.93,2.25,82,B,1,1,1,0,0,12.12
19.68,1.2036,0.0,0.4042,74.86,100.0,54.86,0.0,80.0,5.4617,3,100,20.0,0.0,4.97,59,C,1,0,1,0,0,19.68
12.65,0.5544,0.6346,0.1324,77.63,100.0,33.49,0.0,95.83,2.0826,8,100,0.0,8.34,3.92,65,C,1,1,0,0,0,12.65
6.93,0.0,0.0804,0.5023,68.31,0.0,68.31,0.0,90.3,2.9458,4,100,0.0,19.4,4.0,67,C,0,1,1,0,0,6.93
15.54,0.0844,0.0321,0.1868,100.0,16.34,42.11,17.46,100.0,2.2128,7,100,0.0,0.0,2.74,98,A,1,1,0,0,0,15.54
-1.42,0.3545,0.0,0.4303,85.73,100.0,85.73,0.0,64.57,0.6717,3,100,28.29,14.27,3.49,59,C,1,0,1,0,0,-1.42
5.69,0.0,0.1497,0.3781,54.58,0.0,54.58,0.0,88.73,3.8244,4,100,0.0,22.55,3.56,67,C,0,1,1,0,0,5.69
16.07,0.7153,0.045,0.2183,95.69,79.56,45.57,0.0,73.95,0.0895,6,100,23.9,4.31,4.45,69,C,1,1,1,0,0,16.07
12.02,0.5612,0.2023,0.4072,87.76,100.0,87.76,0.0,93.88,1.9816,3,100,0.0,12.24,3.01,59,C,1,1,1,0,0,12.02
14.57,0.5829,0.1591,0.1535,92.25,74.38,32.72,32.72,96.12,2.006,8,100,0.0,7.75,3.21,77,B,1,1,0,0,0,14.57
11.43,0.0,0.1397,0.5653,71.77,0.0,71.77,0.0,96.56,2.3083,3,100,0.0,6.89,1.51,82,B,0,1,1,0,0,11.43
12.48,0.5943,0.0859,0.3338,100.0,100.0,35.12,0.0,100.0,1.1025,3,100,0.0,0.0,2.07,77,B,1,1,0,0,0,12.48
7.93,1.1136,0.0858,0.259,80.08,100.0,59.46,0.0,69.76,0.8167,4,100,30.24,0.0,4.76,54,D,1,1,1,0,0,7.93
10.31,0.0,0.0791,0.3755,18.36,0.0,81.64,0.0,82.86,7.5845,3,100,0.0,34.28,4.31,82,B,0,1,1,0,0,10.31
15.1,0.4335,0.1283,0.2919,66.06,100.0,42.0,0.0,83.03,5.4498,4,100,0.0,33.94,3.89,92,A,1,1,0,0,0,15.1
9.92,0.8322,0.0248,0.1785,82.92,88.97,35.27,25.76,82.32,2.5093,7,100,9.14,17.08,3.84,77,B,1,1,0,0,0,9.92
13.73,0.042,0.0,0.3544,82.29,100.0,42.05,0.0,91.14,0.5358,4,100,0.0,17.71,3.14,82,B,0,0,1,0,0,13.73
6.85,0.0,0.1482,0.3745,54.51,0.0,54.51,0.0,88.58,3.3434,4,100,0.0,22.85,2.87,67,C,0,1,1,0,0,6.85
18.76,1.0168,0.0,0.3882,84.91,100.0,47.42,37.48,92.45,1.4726,3,100,0.0,15.09,1.68,59,C,1,0,1,0,0,18.76
18.02,0.4942,0.0,0.7478,85.2,100.0,85.2,0.0,92.6,6.9963,2,0,0.0,14.8,4.45,74,B,1,0,1,0,0,18.02
16.32,0.5129,0.0,0.2014,64.45,100.0,35.79,28.66,92.6,2.1082,6,100,0.0,14.81,1.51,77,B,1,0,0,0,0,16.32
7.3,0.0,0.1481,0.5013,66.14,0.0,66.14,0.0,94.38,1.7857,3,0,0.0,11.23,1.87,67,C,0,1,1,0,0,7.3
9.84,0.2838,0.0837,0.304,87.21,27.55,42.82,27.55,100.0,3.3271,4,100,0.0,0.0,5.31,98,A,1,1,0,0,0,9.84
4.72,0.6109,0.0,0.2933,85.73,100.0,41.55,0.0,51.32,1.2166,5,100,41.55,14.27,3.61,62,C,1,0,0,0,0,4.72
5.69,0.9603,0.5028,0.266,78.56,100.0,35.91,0.0,100.0,0.1971,4,100,0.0,0.0,3.32,50,D,1,1,0,0,0,5.69
9.47,0.0,0.0783,0.3883,14.68,0.0,85.32,0.0,80.53,6.1141,3,100,0.0,38.93,2.86,82,B,0,1,1,0,0,9.47
14.24,0.321,0.3712,0.1452,79.79,55.4,32.93,14.01,97.45,4.5958,8,100,0.0,5.1,3.94,88,A,1,1,0,0,0,14.24
14.8,0.7371,0.0215,0.2012,100.0,100.0,38.32,35.08,100.0,1.6589,7,100,0.0,0.0,4.41,77,B,1,1,0,0,0,14.8
9.06,0.2625,0.0881,0.3126,95.13,72.87,57.33,0.0,97.56,2.356,6,100,0.0,4.87,3.4,84,B,1,1,1,0,0,9.06
12.87,0.0,0.0894,0.4683,65.32,0.0,65.32,0.0,89.49,3.5278,4,100,0.0,21.02,2.42,82,B,0,1,1,0,0,12.87
12.08,0.2188,0.1121,0.2045,90.56,22.2,34.73,34.73,100.0,2.2483,7,100,0.0,0.0,3.43,98,A,1,1,0,0,0,12.08
11.61,0.5312,0.0,0.182,86.1,100.0,22.72,22.23,93.05,1.2779,6,100,0.0,13.9,3.01,77,B,1,0,0,0,0,11.61
13.93,0.6919,0.2033,0.152,69.93,100.0,31.03,0.0,88.0,4.317,9,100,9.6,4.79,4.13,77,B,1,1,0,0,0,13.93
8.92,0.4673,0.0,0.2402,73.96,51.7,35.72,35.72,72.22,2.9659,5,100,14.76,26.04,4.05,98,A,1,0,0,0,0,8.92
14.06,0.74,0.1574,0.1929,94.33,100.0,35.92,35.92,97.17,2.0898,9,100,0.0,5.67,3.48,77,B,1,1,0,0,0,14.06
6.53,0.3244,0.1801,0.2309,68.43,100.0,55.79,0.0,92.83,3.6092,7,100,0.0,14.35,2.96,69,C,1,1,1,0,0,6.53
21.39,0.4944,0.1118,0.2113,88.81,100.0,48.8,9.1,100.0,4.5002,8,100,0.0,0.0,3.61,84,B,1,1,1,0,0,21.39
2.0,0.0,0.1307,0.4524,63.03,0.0,63.03,0.0,91.5,1.4309,4,100,0.0,17.0,2.66,67,C,0,1,1,0,0,2.0
2.98,0.0,0.1995,0.5762,69.53,0.0,69.53,0.0,100.0,3.2996,2,100,0.0,0.0,4.37,67,C,0,1,1,0,0,2.98
15.81,0.3927,0.0,0.3723,69.11,100.0,56.09,0.0,84.56,0.3487,5,0,0.0,30.89,2.0,74,B,1,0,1,0,0,15.81
5.71,0.0,0.1126,0.3724,17.21,0.0,82.79,0.0,78.94,3.4053,3,100,0.0,42.13,2.31,67,C,0,1,1,0,0,5.71
11.31,0.323,0.0336,0.1183,87.38,47.38,28.51,16.45,87.02,1.3026,10,100,6.67,12.62,2.59,98,A,1,1,0,0,0,11.31
23.25,0.3291,0.0273,0.3271,93.03,100.0,52.87,0.0,96.52,2.8081,6,100,0.0,6.97,3.28,84,B,1,1,1,0,0,23.25
10.07,0.0,0.0567,0.4296,8.67,0.0,91.33,0.0,79.68,6.8269,3,100,0.0,40.65,2.48,82,B,0,1,1,0,0,10.07
27.05,0.1298,0.006,0.5153,91.66,50.9,70.41,0.0,95.83,7.2826,7,100,0.0,8.34,3.39,82,B,1,1,1,0,0,27.05
11.79,0.0,0.0506,0.4234,11.75,0.0,88.25,0.0,82.96,10.096,3,100,0.0,34.07,2.9,82,B,0,1,1,1,0,11.79
6.11,0.6443,0.1713,0.2351,51.15,100.0,48.85,0.0,82.18,3.2105,6,100,0.0,35.64,3.86,54,D,1,1,1,0,0,6.11
15.78,0.5367,0.1618,0.2115,92.23,100.0,36.82,12.88,100.0,1.6239,7,100,0.0,0.0,3.27,77,B,1,1,0,0,0,15.78
22.18,0.2915,0.164,0.3442,41.65,57.53,58.35,0.0,86.2,7.883,3,100,0.0,27.6,3.64,92,A,1,1,1,0,0,22.18
16.71,0.0,0.0945,0.7529,85.56,0.0,85.56,0.0,100.0,7.4665,2,100,0.0,0.0,6.07,82,B,0,1,1,0,0,16.71
7.86,0.0,0.1,0.6214,76.94,0.0,76.94,0.0,96.11,1.1936,3,100,0.0,7.78,3.88,67,C,0,1,1,0,0,7.86
9.52,0.1495,0.2913,0.1926,88.83,45.06,83.37,0.0,91.5,2.0385,9,100,5.06,6.88,3.45,92,A,1,1,1,0,0,9.52
8.11,0.1913,0.0551,0.2396,92.46,62.61,50.67,0.0,96.23,1.8936,6,100,0.0,7.54,4.06,84,B,1,1,1,0,0,8.11
15.63,0.217,0.2628,0.2105,100.0,20.46,48.25,26.44,100.0,4.8462,6,100,0.0,0.0,4.83,92,A,1,1,1,0,0,15.63
15.75,0.0,0.0,0.2812,89.27,0.0,57.0,22.27,94.63,3.543,6,100,0.0,10.73,3.36,92,A,0,0,1,0,0,15.75
5.69,0.1335,0.0,0.4054,12.72,20.25,87.28,0.0,68.68,5.8145,3,100,12.72,37.21,3.67,67,C,1,0,1,0,0,5.69
11.26,0.8688,0.2005,0.1726,85.21,100.0,60.46,13.03,92.61,2.8071,7,100,0.0,14.79,3.86,69,C,1,1,1,0,0,11.26
-1.66,0.8032,0.0,0.3501,76.5,100.0,41.64,0.0,46.61,0.4278,3,100,41.64,23.5,2.3,52,D,1,0,1,0,0,-1.66
17.1,0.2355,0.0244,0.1461,79.89,71.22,60.29,10.46,89.94,2.4931,8,100,0.0,20.11,2.7,84,B,1,1,1,0,0,17.1
15.52,0.2808,0.4565,0.147,95.52,45.2,65.85,0.0,97.76,3.6825,9,100,0.0,4.48,3.19,80,B,1,1,1,0,0,15.52
1.09,0.081,0.0242,0.1575,84.3,16.61,27.34,7.87,92.15,0.7692,8,100,0.0,15.7,3.56,85,B,1,1,0,0,0,1.09
5.31,0.0,0.1063,0.5459,71.54,0.0,71.54,0.0,93.89,1.8461,4,0,0.0,12.22,2.9,67,C,0,1,1,0,0,5.31
22.5,0.0741,0.1487,0.3571,82.86,33.7,55.45,0.0,93.63,5.2936,6,100,6.37,0.0,2.84,82,B,1,1,1,0,0,22.5
13.37,0.2977,0.0,0.4213,100.0,100.0,80.36,0.0,77.12,2.2163,3,100,22.88,0.0,3.98,74,B,1,0,1,0,0,13.37
14.55,0.746,0.1754,0.1578,86.28,79.88,31.96,31.96,100.0,1.3884,8,100,0.0,0.0,3.1,77,B,1,1,0,0,0,14.55
13.02,0.2208,0.1589,0.2285,95.68,100.0,33.88,0.0,97.84,3.1709,6,100,0.0,4.32,4.0,92,A,1,1,0,0,0,13.02
16.89,0.2093,0.0541,0.2299,61.02,16.67,38.98,27.24,87.42,9.4067,6,100,9.78,5.61,3.55,98,A,1,1,0,1,0,16.89
17.04,0.0812,0.0506,0.5463,7.73,9.93,92.27,0.0,88.9,15.7216,3,100,0.0,22.2,3.59,82,B,0,1,1,1,0,17.04
13.86,0.6735,0.0485,0.2787,100.0,65.02,45.68,45.68,80.67,1.2035,5,100,19.33,0.0,4.13,69,C,1,1,1,0,0,13.86
14.13,0.0549,0.062,0.4597,9.47,13.71,90.53,0.0,84.52,11.8088,3,0,0.0,30.96,3.63,82,B,1,1,1,1,0,14.13
12.23,0.2591,0.1417,0.1948,80.62,100.0,32.31,9.83,90.31,1.4952,7,100,0.0,19.38,2.5,92,A,1,1,0,0,0,12.23
9.03,0.7926,0.3707,0.2951,82.65,100.0,39.24,0.0,100.0,1.9314,4,100,0.0,0.0,4.34,65,C,1,1,0,0,0,9.03
9.33,0.0,0.0,0.4409,9.06,0.0,90.94,0.0,73.1,7.2037,3,100,9.06,35.68,2.55,82,B,0,0,1,0,0,9.33
11.75,0.4812,0.0,0.217,78.27,70.57,35.7,35.7,78.33,2.8925,6,100,10.81,21.73,3.89,92,A,1,0,0,0,0,11.75
2.42,0.0091,0.0597,0.4263,9.12,18.4,90.88,0.0,74.77,1.6269,3,100,0.0,50.45,4.27,67,C,0,1,1,0,0,2.42
10.22,0.3711,0.0645,0.1814,88.56,100.0,37.95,0.0,94.28,0.9678,6,100,0.0,11.44,2.47,92,A,1,1,0,0,0,10.22
12.06,0.0,0.0212,0.2178,94.86,0.0,42.67,8.97,59.56,3.9921,8,100,37.87,5.14,3.63,98,A,0,1,0,0,0,12.06
10.88,0.2717,0.207,0.3483,0.0,37.66,100.0,0.0,84.35,10.6653,3,100,0.0,31.29,4.62,92,A,1,1,1,1,0,10.88
10.34,0.7424,0.2995,0.3762,100.0,100.0,100.0,0.0,100.0,1.3594,3,100,0.0,0.0,3.12,59,C,1,1,1,0,0,10.34
12.87,0.7056,0.0816,0.2608,100.0,100.0,48.49,0.0,100.0,0.0,5,100,0.0,0.0,3.39,69,C,1,1,1,0,0,12.87
9.25,0.3682,0.0,0.1799,72.22,100.0,29.19,0.0,59.27,1.1972,6,100,26.84,27.78,2.84,92,A,1,0,0,0,0,9.25
12.79,0.4688,0.1188,0.2157,87.75,60.95,55.14,0.0,100.0,1.0154,6,100,0.0,0.0,3.91,84,B,1,1,1,0,0,12.79
18.31,0.8651,0.3556,0.2261,100.0,96.15,39.49,22.0,100.0,0.0,6,100,0.0,0.0,4.48,65,C,1,1,0,0,0,18.31
4.2,0.3569,0.1343,0.2328,65.34,100.0,65.34,0.0,82.67,1.9026,5,0,0.0,34.66,3.72,69,C,1,1,1,0,0,4.2
15.31,0.7124,0.0761,0.2252,88.37,100.0,56.21,0.0,80.87,1.547,6,100,19.13,0.0,3.4,69,C,1,1,1,0,0,15.31
13.2,0.6502,0.2458,0.164,87.39,85.63,27.94,27.94,87.41,3.1709,8,100,12.59,0.0,2.67,77,B,1,1,0,0,0,13.2
14.45,0.2796,0.071,0.3435,26.63,39.48,73.37,0.0,83.73,5.1945,3,100,0.0,32.54,3.01,92,A,1,1,1,0,0,14.45
22.36,1.05,0.0,1.0,100.0,100.0,100.0,0.0,100.0,0.428,1,0,0.0,0.0,6.56,59,C,1,0,1,0,0,22.36
13.1,0.0,0.0828,0.5431,71.75,0.0,71.75,0.0,92.2,6.7041,4,0,0.0,15.61,3.6,82,B,0,1,1,0,0,13.1
9.76,0.0264,0.0828,0.2082,83.77,63.02,41.96,0.0,91.89,0.9906,5,100,0.0,16.23,3.28,92,A,0,1,0,0,0,9.76
10.95,0.0,0.0756,0.3884,14.17,0.0,85.83,0.0,78.46,3.9195,3,100,0.0,43.07,2.53,82,B,0,1,1,0,0,10.95
7.51,0.4664,0.3017,0.1298,77.18,68.51,24.67,9.41,88.59,0.9011,8,100,0.0,22.82,2.51,65,C,1,1,0,0,0,7.51
10.45,0.2961,0.0276,0.3394,95.21,100.0,62.96,0.0,88.46,0.1479,6,75.0,9.14,4.79,2.54,84,B,1,1,1,0,0,10.45
15.53,0.1247,0.095,0.4411,0.0,17.0,100.0,0.0,84.92,13.2468,3,0,0.0,30.15,3.65,82,B,1,1,1,1,0,15.53
16.53,0.0,0.2406,0.4653,57.13,0.0,57.13,0.0,96.95,10.0543,3,100,0.0,6.11,3.74,82,B,0,1,1,1,0,16.53
12.51,0.535,0.1421,0.1299,93.28,87.94,42.39,7.85,79.99,0.7181,9,100,16.65,6.72,4.36,77,B,1,1,0,0,0,12.51
12.46,0.5919,0.0726,0.2613,100.0,100.0,71.02,0.0,100.0,0.0818,5,100,0.0,0.0,3.06,69,C,1,1,1,0,0,12.46
6.64,0.0,0.0797,0.6367,78.28,0.0,78.28,0.0,95.23,3.7955,3,100,0.0,9.54,5.33,67,C,0,1,1,0,0,6.64
13.26,0.5305,0.0,0.1689,100.0,70.31,36.27,24.39,85.82,0.0,7,100,14.18,0.0,2.76,77,B,1,0,0,0,0,13.26
8.43,0.0,0.2577,0.3635,43.92,0.0,56.08,0.0,91.64,7.3898,4,100,0.0,16.71,3.47,82,B,0,1,1,0,0,8.43
1.98,0.078,0.0594,0.4154,11.14,22.66,88.86,0.0,74.59,1.5087,3,100,0.0,50.82,2.58,67,C,1,1,1,0,0,1.98
17.82,0.4181,0.1218,0.2033,87.62,45.22,49.3,49.3,93.81,3.2921,7,100,0.0,12.38,3.39,92,A,1,1,1,0,0,17.82
6.97,0.5395,0.1901,0.2856,64.38,100.0,35.62,0.0,82.19,2.6722,4,100,0.0,35.62,3.42,62,C,1,1,0,0,0,6.97
11.81,0.0,0.1505,0.6459,77.01,0.0,77.01,0.0,100.0,2.7402,2,100,0.0,0.0,4.27,82,B,0,1,1,0,0,11.81
19.54,0.6256,0.2254,0.2705,89.69,100.0,89.69,0.0,94.85,5.235,5,100,0.0,10.31,4.3,69,C,1,1,1,0,0,19.54
19.86,0.2533,0.0,0.6238,100.0,100.0,93.72,0.0,83.2,6.6307,3,100,16.8,0.0,3.52,74,B,1,0,1,0,0,19.86
5.67,0.0,0.0882,0.3943,13.48,0.0,86.52,0.0,76.88,4.1191,3,100,0.0,46.25,3.77,67,C,0,1,1,0,0,5.67
5.13,0.4852,0.0,0.2648,55.48,100.0,55.48,0.0,50.07,1.8524,4,100,27.67,44.52,2.18,69,C,1,0,1,0,0,5.13
16.3,0.4507,0.076,0.2277,92.29,100.0,70.12,0.0,96.15,2.6293,5,100,0.0,7.71,4.22,84,B,1,1,1,0,0,16.3
11.29,0.5755,0.0823,0.1765,92.79,78.27,30.17,30.17,96.4,0.1426,8,100,0.0,7.21,3.42,77,B,1,1,0,0,0,11.29
6.34,0.56,0.1325,0.2506,76.9,100.0,76.9,0.0,62.96,2.2874,4,100,25.48,23.1,3.42,54,D,1,1,1,0,0,6.34
6.17,0.4093,0.2907,0.2147,83.55,100.0,67.13,0.0,91.77,1.0103,5,100,0.0,16.45,4.76,69,C,1,1,1,0,0,6.17
15.81,0.3189,0.1102,0.1934,85.29,79.62,39.45,11.58,92.64,2.1567,9,100,0.0,14.71,2.2,92,A,1,1,0,0,0,15.81
8.84,0.4417,0.0,0.304,51.37,100.0,51.37,0.0,75.69,2.0432,4,100,0.0,48.63,2.86,84,B,1,0,1,0,0,8.84
12.13,0.0,0.1097,0.5459,70.9,0.0,70.9,0.0,93.83,0.2657,3,100,0.0,12.35,1.32,82,B,0,1,1,0,0,12.13
12.97,0.7562,0.0,0.3376,100.0,72.02,72.02,27.98,64.29,0.0,3,100,35.71,0.0,2.35,69,C,1,0,1,0,0,12.97
19.98,0.3014,0.0297,0.223,93.6,76.59,51.79,9.79,96.8,2.5261,6,100,0.0,6.4,2.71,84,B,1,1,1,0,0,19.98
13.08,0.6007,0.0,0.3888,70.68,100.0,57.21,0.0,28.13,1.5068,4,100,57.21,29.32,3.26,53,D,1,0,1,0,1,13.08
7.68,0.1138,0.1285,0.3635,19.63,31.19,80.37,0.0,81.47,5.0596,3,100,0.0,37.07,4.14,67,C,1,1,1,0,0,7.68
10.22,0.3268,0.0387,0.2008,80.66,85.1,41.43,0.0,79.83,2.9542,7,100,10.51,19.34,2.75,92,A,1,1,0,0,0,10.22
19.94,0.5976,0.1773,0.2248,87.86,100.0,44.19,0.0,100.0,0.6039,5,100,0.0,0.0,2.49,77,B,1,1,0,0,0,19.94
11.79,0.4128,0.5179,0.1555,100.0,65.09,48.34,0.0,89.53,0.3968,7,100,10.47,0.0,3.53,72,B,1,1,1,0,0,11.79
3.96,0.4015,0.054,0.1626,64.61,100.0,37.82,0.0,82.3,2.1635,7,66.7,0.0,35.39,3.58,77,B,1,1,0,0,0,3.96
16.87,0.5901,0.1229,0.2331,80.77,61.4,61.87,9.41,59.99,4.8057,6,100,35.92,8.18,4.15,69,C,1,1,1,0,0,16.87
5.9,0.0909,0.368,0.1238,89.93,39.05,61.85,0.0,84.89,0.6806,9,100,10.07,10.07,3.06,65,C,1,1,1,0,0,5.9
12.71,0.0,0.1607,0.4512,61.75,0.0,61.75,0.0,93.15,3.8932,4,100,0.0,13.69,2.92,82,B,0,1,1,0,0,12.71
8.12,0.4225,0.4174,0.178,92.05,92.06,51.1,0.0,84.91,1.3785,8,100,15.09,0.0,2.99,72,B,1,1,1,0,0,8.12
16.71,0.4842,0.0,0.2496,78.84,52.32,37.59,21.47,51.83,3.7939,5,100,37.59,21.16,2.97,98,A,1,0,0,0,0,16.71
19.18,0.6718,0.2822,0.1951,80.62,93.16,72.43,0.0,89.81,6.435,8,100,5.69,8.99,3.87,69,C,1,1,1,0,0,19.18
13.45,0.2298,0.0766,0.3002,95.26,57.53,67.66,0.0,88.15,3.7314,6,100,11.85,0.0,4.48,92,A,1,1,1,0,0,13.45
6.33,0.2361,0.1472,0.3513,22.48,36.02,77.52,0.0,81.21,4.7551,3,0,0.0,37.58,5.03,67,C,1,1,1,0,0,6.33
22.16,0.1376,0.09,0.2168,93.72,22.06,48.71,6.05,89.68,5.23,9,100,7.17,6.28,3.88,92,A,1,1,1,0,0,22.16
9.94,0.4735,0.319,0.1146,77.56,81.72,24.45,10.97,94.96,1.5913,9,100,0.0,10.09,3.11,80,B,1,1,0,0,0,9.94
17.93,0.2359,0.3852,0.1287,83.83,64.49,34.92,12.73,96.62,1.1073,10,100,0.0,6.76,3.01,80,B,1,1,0,0,0,17.93
9.26,0.2884,0.1023,0.1943,66.48,100.0,44.82,0.0,83.24,2.5458,6,100,0.0,33.52,3.65,92,A,1,1,0,0,0,9.26
12.35,0.0,0.1073,0.7259,83.61,0.0,83.61,0.0,100.0,3.8381,2,100,0.0,0.0,3.31,82,B,0,1,1,0,0,12.35
8.6,0.4687,0.0559,0.2124,70.83,63.67,29.17,24.13,85.41,1.4426,5,100,0.0,29.17,2.32,92,A,1,1,0,0,0,8.6
9.4,0.6133,0.0532,0.2457,75.57,100.0,58.12,0.0,87.79,4.3298,7,100,0.0,24.43,3.57,69,C,1,1,1,0,0,9.4
9.44,0.0,0.0873,0.5144,69.4,0.0,69.4,0.0,91.37,1.3022,4,100,0.0,17.26,3.23,82,B,0,1,1,0,0,9.44
10.02,0.0,0.1152,0.5372,70.07,0.0,70.07,0.0,93.84,5.7759,3,0,0.0,12.32,3.94,82,B,0,1,1,0,0,10.02
15.29,0.3465,0.2834,0.1971,76.67,50.56,40.76,5.51,100.0,5.5773,8,100,0.0,0.0,3.9,98,A,1,1,0,0,0,15.29
16.73,0.1735,0.0779,0.1784,82.22,100.0,31.84,0.0,91.11,2.9119,7,100,0.0,17.78,3.27,92,A,1,1,0,0,0,16.73
7.36,0.0,0.1069,0.483,66.14,0.0,66.14,0.0,91.23,1.954,4,100,0.0,17.53,1.96,67,C,0,1,1,0,0,7.36
16.89,0.0,0.1324,0.6773,79.77,0.0,79.77,0.0,100.0,2.3432,2,100,0.0,0.0,1.99,82,B,0,1,1,0,0,16.89
2.81,0.893,0.0,0.3867,90.38,100.0,50.57,0.0,44.62,0.9022,4,100,50.57,9.62,3.56,44,D,1,0,1,0,0,2.81
10.63,0.3266,0.1846,0.2671,71.8,100.0,41.29,0.0,100.0,1.3692,4,100,0.0,0.0,2.3,92,A,1,1,0,0,0,10.63
5.56,0.0,0.2101,0.386,50.14,0.0,50.14,0.0,91.12,5.5636,3,100,0.0,17.76,2.96,67,C,0,1,1,0,0,5.56
13.29,0.6885,0.0,0.2848,88.33,100.0,70.11,0.0,46.35,4.0557,7,100,47.82,11.67,3.67,69,C,1,0,1,0,0,13.29
16.82,0.0844,0.0,0.2965,88.77,10.11,46.45,25.01,98.4,0.2015,7,100,0.0,3.19,2.52,92,A,0,0,1,0,0,16.82
12.09,0.2668,0.029,0.1894,77.81,25.52,27.1,23.68,80.64,2.5276,7,100,10.48,17.76,3.41,98,A,1,1,0,0,0,12.09
16.25,0.0,0.0892,0.6243,77.3,0.0,77.3,0.0,95.46,4.308,3,100,0.0,9.08,3.58,82,B,0,1,1,0,0,16.25
11.06,0.1124,0.022,0.3271,86.91,66.01,52.38,0.0,93.45,1.832,6,100,0.0,13.09,2.11,84,B,1,1,1,0,0,11.06
13.52,0.0,0.1435,0.276,100.0,0.0,37.4,37.4,100.0,1.8361,5,100,0.0,0.0,5.22,98,A,0,1,0,0,0,13.52
20.78,0.0,0.1712,0.5394,68.41,0.0,68.41,0.0,97.28,7.2201,3,0,0.0,5.43,4.02,82,B,0,1,1,0,0,20.78
3.62,0.0,0.1758,0.4808,63.14,0.0,63.14,0.0,95.0,3.2082,3,100,0.0,10.0,3.56,67,C,0,1,1,0,0,3.62
23.9,0.1447,0.0,0.2991,84.95,39.2,67.17,0.0,88.22,2.1058,7,100,4.25,15.05,2.82,92,A,1,0,1,0,0,23.9
9.22,0.5274,0.0,0.2036,75.64,100.0,43.81,0.0,73.39,1.0677,7,100,14.43,24.36,3.18,77,B,1,0,0,0,0,9.22
17.13,0.7021,0.0921,0.2844,94.03,75.23,48.65,48.65,84.94,3.9888,7,100,12.08,5.97,4.04,69,C,1,1,1,0,0,17.13
23.83,0.0,0.0,0.4465,16.4,0.0,83.6,16.4,88.46,13.9752,3,100,0.0,23.07,3.86,82,B,0,0,1,1,0,23.83
17.27,0.0426,0.0325,0.3535,91.89,20.68,62.45,0.0,86.67,4.0538,6,100,9.27,8.11,3.89,82,B,1,1,1,0,0,17.27
17.78,0.2518,0.0416,0.2514,79.38,23.85,46.77,46.77,89.69,4.9421,6,100,0.0,20.62,4.38,92,A,1,1,1,0,0,17.78
14.25,0.9173,0.1338,0.1957,100.0,86.21,41.79,21.15,100.0,2.6695,7,100,0.0,0.0,3.71,77,B,1,1,0,0,0,14.25
6.59,0.0,0.1484,0.5492,70.19,0.0,70.19,0.0,96.43,2.9278,3,100,0.0,7.13,2.75,67,C,0,1,1,0,0,6.59
7.51,0.6993,0.0,0.2791,81.09,100.0,66.6,0.0,55.62,0.2347,4,100,34.92,18.91,3.35,54,D,1,0,1,0,0,7.51
23.89,0.117,0.132,0.2543,100.0,42.3,55.93,0.0,100.0,5.9314,4,0,0.0,0.0,5.47,92,A,1,1,1,0,0,23.89
15.26,0.4321,0.129,0.2221,83.73,46.21,33.78,22.45,94.99,1.0152,6,100,0.0,10.03,3.97,98,A,1,1,0,0,0,15.26
12.43,0.0,0.0684,0.5086,69.04,0.0,69.04,0.0,89.74,5.3077,4,100,0.0,20.51,3.03,82,B,0,1,1,0,0,12.43
10.75,0.5669,0.0589,0.2765,77.49,100.0,77.49,0.0,45.86,1.1298,5,100,42.88,22.51,3.5,69,C,1,1,1,0,0,10.75
10.63,0.637,0.0691,0.3529,100.0,100.0,50.83,0.0,100.0,0.0,4,100,0.0,0.0,5.2,59,C,1,1,1,0,0,10.63
17.23,0.5944,0.076,0.2304,100.0,100.0,55.97,0.0,100.0,1.2681,5,100,0.0,0.0,4.17,69,C,1,1,1,0,0,17.23
24.21,0.0,0.091,0.7606,86.1,0.0,86.1,0.0,100.0,6.2251,2,0,0.0,0.0,4.39,82,B,0,1,1,0,0,24.21
19.68,0.5932,0.0,0.2104,87.49,92.94,37.29,37.29,89.72,2.2842,8,100,4.03,12.51,3.94,77,B,1,0,0,0,0,19.68
8.91,0.0,0.0,0.1776,84.21,0.0,23.31,22.0,92.11,1.3827,7,100,0.0,15.79,3.51,98,A,0,0,0,0,0,8.91
18.39,0.0,0.2535,0.3506,42.71,0.0,57.29,0.0,90.72,10.9487,4,100,0.0,18.56,3.72,82,B,0,1,1,1,0,18.39
15.96,0.1295,0.0,0.2241,79.18,31.67,40.98,26.1,89.59,0.9765,5,100,0.0,20.82,2.93,98,A,0,0,0,0,0,15.96
13.0,0.1809,0.0689,0.1478,92.87,25.02,39.59,0.0,84.93,0.5543,9,100,11.51,7.13,3.79,98,A,1,1,0,0,0,13.0
12.94,0.7066,0.0684,0.255,100.0,100.0,78.31,0.0,65.64,2.2448,5,0,34.36,0.0,2.57,69,C,1,1,1,0,0,12.94
17.31,0.3087,0.0,0.1606,76.88,52.8,25.11,18.27,88.44,2.5642,7,100,0.0,23.12,2.77,98,A,1,0,0,0,0,17.31
5.8,0.0919,0.0,0.4229,8.92,16.65,91.08,8.92,76.78,2.4862,3,100,0.0,46.43,2.4,67,C,1,0,1,0,0,5.8
11.49,0.6169,0.175,0.1107,86.36,100.0,36.55,0.0,79.49,0.9911,11,100,13.69,13.64,3.68,77,B,1,1,0,0,0,11.49
16.98,0.396,0.0892,0.3373,37.72,53.0,62.28,0.0,85.58,5.112,3,100,0.0,28.83,2.58,92,A,1,1,1,0,0,16.98
8.34,0.3014,0.037,0.1837,83.83,76.22,61.34,0.0,81.75,0.939,8,100,10.17,16.17,2.24,84,B,1,1,1,0,0,8.34
4.2,0.0,0.2812,0.5099,57.04,0.0,57.04,0.0,100.0,7.3777,2,100,0.0,0.0,4.94,67,C,0,1,1,0,0,4.2
15.73,0.3081,0.1183,0.2314,94.44,100.0,79.73,0.0,97.22,2.0742,6,100,0.0,5.56,3.39,84,B,1,1,1,0,0,15.73
14.88,0.5992,0.2257,0.2383,100.0,100.0,72.36,0.0,100.0,2.827,6,100,0.0,0.0,3.46,69,C,1,1,1,0,0,14.88
8.57,0.0123,0.0804,0.4026,12.29,20.52,87.71,0.0,79.94,6.6481,3,100,0.0,40.11,3.6,82,B,0,1,1,0,0,8.57
15.79,0.0,0.1391,0.408,58.51,0.0,58.51,0.0,89.88,4.4082,4,100,0.0,20.24,2.66,82,B,0,1,1,0,0,15.79
11.34,0.0,0.0,0.4033,14.41,0.0,85.59,0.0,68.7,8.4175,3,100,14.41,33.8,3.72,82,B,0,0,1,1,0,11.34
17.92,0.814,0.1313,0.2324,86.15,89.93,54.6,54.6,95.85,3.5249,9,100,0.0,8.29,4.95,69,C,1,1,1,0,0,17.92
10.81,0.4832,0.0797,0.2418,81.44,100.0,38.22,0.0,66.97,1.1214,6,100,23.75,18.56,2.41,92,A,1,1,0,0,0,10.81
11.6,0.0,0.0975,0.6205,76.92,0.0,76.92,0.0,95.91,3.9562,3,100,0.0,8.18,2.77,82,B,0,1,1,0,0,11.6
13.46,0.2032,0.0,0.3847,15.28,24.98,84.72,0.0,80.58,5.0755,3,100,0.0,38.83,3.32,82,B,1,0,1,0,0,13.46
14.3,0.5575,0.106,0.1527,100.0,58.29,40.94,21.73,86.25,0.8448,8,100,13.75,0.0,2.79,85,B,1,1,0,0,0,14.3
12.59,0.4824,0.134,0.2023,44.1,100.0,55.9,0.0,86.64,6.6991,6,100,0.0,26.71,3.85,84,B,1,1,1,0,0,12.59
4.73,0.0,0.1352,0.6722,79.34,0.0,79.34,0.0,100.0,1.523,2,100,0.0,0.0,3.51,67,C,0,1,1,0,0,4.73
9.88,0.393,0.2167,0.1006,68.55,78.44,31.87,5.96,90.85,1.741,11,100,0.0,18.3,2.53,92,A,1,1,0,0,0,9.88
15.54,0.4626,0.1509,0.2474,100.0,40.49,43.49,35.89,100.0,0.0,5,100,0.0,0.0,4.26,98,A,1,1,0,0,0,15.54
12.57,0.5513,0.2511,0.1051,72.36,100.0,31.29,15.41,92.04,2.9807,11,100,0.0,15.92,3.2,77,B,1,1,0,0,0,12.57
9.81,0.6967,0.0515,0.254,86.88,100.0,56.24,0.0,77.83,2.9866,6,100,15.62,13.12,3.71,69,C,1,1,1,0,0,9.81
1.74,0.0,0.1579,0.5025,65.91,0.0,65.91,0.0,95.02,1.7198,3,100,0.0,9.97,2.48,67,C,0,1,1,0,0,1.74
17.66,0.8522,0.0714,0.3819,100.0,64.08,64.08,19.03,100.0,4.6339,5,100,0.0,0.0,3.64,59,C,1,1,1,0,0,17.66
10.86,0.4241,0.1098,0.2737,82.44,100.0,58.31,0.0,91.22,1.1063,4,100,0.0,17.56,3.55,84,B,1,1,1,0,0,10.86
14.25,0.6331,0.3652,0.14,87.86,100.0,35.93,0.0,88.54,1.6855,8,100,11.46,0.0,3.21,65,C,1,1,0,0,0,14.25
9.26,0.0258,0.0,0.2146,66.1,100.0,40.25,0.0,83.05,2.3164,5,100,0.0,33.9,2.09,92,A,0,0,0,0,0,9.26
11.83,0.6522,0.0963,0.1405,100.0,80.14,52.19,14.86,81.09,1.6828,8,100,18.91,0.0,2.88,69,C,1,1,1,0,0,11.83
8.24,0.1451,0.0587,0.2134,80.64,53.95,47.64,13.22,94.92,1.8735,7,100,0.0,10.16,3.18,92,A,0,1,1,0,0,8.24
16.85,0.0,0.1691,0.4814,63.5,0.0,63.5,0.0,94.67,4.3343,3,100,0.0,10.66,3.31,82,B,0,1,1,0,0,16.85
4.48,0.4924,0.0,0.3574,100.0,46.86,41.99,41.99,100.0,0.0,3,100,0.0,0.0,4.48,75,B,1,0,1,0,0,4.48
15.29,0.8152,0.0436,0.1535,85.61,100.0,36.56,0.0,75.53,4.3215,8,100,17.27,14.39,4.11,77,B,1,1,0,0,0,15.29
12.13,0.0,0.0632,0.4687,9.65,0.0,90.35,0.0,85.42,12.0877,3,100,0.0,29.16,4.52,82,B,0,1,1,1,0,12.13
26.32,0.8442,0.048,0.6265,100.0,100.0,87.05,0.0,100.0,7.8345,4,100,0.0,0.0,2.54,59,C,1,1,1,0,0,26.32
16.76,0.0,0.0,0.3962,100.0,0.0,45.75,45.75,100.0,1.6813,3,100,0.0,0.0,2.15,82,B,0,0,1,0,0,16.76
15.55,0.5209,0.2354,0.1182,85.07,79.88,53.15,0.0,77.79,3.0927,11,100,14.75,14.93,3.91,69,C,1,1,1,0,0,15.55
13.21,0.5711,0.4578,0.1406,77.45,84.98,22.99,0.0,93.98,1.0082,8,100,0.0,12.03,3.72,65,C,1,1,0,0,0,13.21
14.7,0.0,0.0,0.3395,39.14,0.0,60.86,0.0,46.83,7.4834,3,100,39.14,28.06,4.41,92,A,0,0,1,0,0,14.7
11.46,0.4965,0.1887,0.1344,88.16,83.3,45.39,12.59,83.4,0.7909,8,100,10.67,11.84,3.48,84,B,1,1,1,0,0,11.46
17.26,0.7269,0.0357,0.3537,88.01,100.0,60.91,0.0,94.01,4.6844,6,100,0.0,11.99,2.89,59,C,1,1,1,0,0,17.26
11.71,0.0,0.122,0.5539,71.36,0.0,71.36,0.0,95.0,3.2549,3,100,0.0,10.01,4.8,82,B,0,1,1,0,0,11.71
14.31,0.0,0.0341,0.4223,12.8,0.0,87.2,0.0,83.87,10.7183,3,100,0.0,32.25,3.65,82,B,0,1,1,1,0,14.31
12.05,0.0,0.1411,0.6617,78.44,0.0,78.44,0.0,100.0,4.6956,2,0,0.0,0.0,3.38,82,B,0,1,1,0,0,12.05
9.52,0.5025,0.0,0.2286,96.84,80.75,38.83,13.91,88.05,0.3803,7,100,10.37,3.16,2.87,77,B,1,0,0,0,0,9.52
12.56,0.3233,0.0,0.2218,100.0,47.52,39.32,26.85,100.0,0.0,5,100,0.0,0.0,3.61,98,A,1,0,0,0,0,12.56
11.72,0.0,0.0407,0.4075,15.25,0.0,84.75,0.0,84.42,7.7287,3,100,0.0,31.15,2.6,82,B,0,1,1,0,0,11.72
11.82,0.4663,0.0,0.2152,84.15,100.0,52.35,0.0,63.56,1.5084,5,100,28.51,15.85,3.56,84,B,1,0,1,0,0,11.82
6.97,0.8814,0.0619,0.2275,82.55,100.0,50.33,32.22,94.43,0.8062,6,100,0.0,11.13,3.82,54,D,1,1,1,0,0,6.97
12.18,0.2167,0.134,0.1843,87.61,23.02,49.63,49.63,93.8,3.8651,9,100,0.0,12.39,3.79,92,A,1,1,1,0,0,12.18
13.07,0.1474,0.1123,0.3779,21.05,29.65,78.95,0.0,85.5,8.0115,3,100,0.0,29.0,4.23,82,B,0,1,1,1,0,13.07
21.75,0.1639,0.0,0.4334,87.72,100.0,69.41,12.84,93.86,4.1886,6,100,0.0,12.28,2.39,74,B,1,0,1,0,0,21.75
12.69,0.0,0.186,0.5932,71.59,0.0,71.59,0.0,100.0,7.2381,2,100,0.0,0.0,5.36,82,B,0,1,1,0,0,12.69
17.74,0.1359,0.5658,0.1465,74.46,18.96,36.86,0.0,97.3,5.2112,8,100,0.0,5.41,4.7,88,A,1,1,0,0,0,17.74
13.77,0.0225,0.1471,0.3957,22.47,29.49,77.53,0.0,88.09,9.7532,3,100,0.0,23.82,4.48,82,B,0,1,1,1,0,13.77
16.64,0.0,0.1065,0.5096,67.61,0.0,67.61,0.0,91.94,3.6592,3,100,0.0,16.12,4.0,82,B,0,1,1,0,0,16.64
14.31,0.4006,0.0,0.5253,69.07,100.0,69.07,0.0,84.54,5.2888,3,100,0.0,30.93,3.85,74,B,1,0,1,0,0,14.31
7.77,0.8476,0.0,0.3438,100.0,69.64,58.4,0.0,71.96,0.0,3,100,28.04,0.0,5.29,54,D,1,0,1,0,0,7.77
7.5,0.0,0.0628,0.3282,73.94,0.0,59.73,0.0,91.77,2.2151,6,100,0.0,16.46,2.7,77,B,0,1,1,0,0,7.5
21.04,0.0662,0.0991,0.274,100.0,9.46,41.58,17.41,100.0,5.2234,5,100,0.0,0.0,4.56,98,A,1,1,0,0,0,21.04
8.22,0.7886,0.0706,0.3614,100.0,100.0,47.01,47.01,100.0,0.5673,3,100,0.0,0.0,2.94,59,C,1,1,1,0,0,8.22
15.9,0.4946,0.0,0.2361,100.0,100.0,30.02,29.36,100.0,0.0,5,100,0.0,0.0,2.85,92,A,1,0,0,0,0,15.9
19.92,0.0,0.2037,0.3348,36.41,0.0,63.59,0.0,83.77,5.5682,3,100,0.0,32.47,2.52,92,A,0,1,1,0,0,19.92
8.31,0.2167,0.0889,0.2794,79.36,47.65,62.13,0.0,100.0,3.4998,4,100,0.0,0.0,3.99,92,A,1,1,1,0,0,8.31
3.92,0.2293,0.0918,0.2011,81.53,72.3,36.1,0.0,90.77,0.6276,7,100,0.0,18.47,2.65,77,B,1,1,0,0,0,3.92
13.0,0.6856,0.1644,0.3679,100.0,100.0,43.39,0.0,100.0,0.0,3,100,0.0,0.0,1.33,67,C,1,1,1,0,0,13.0
10.43,0.3668,0.4676,0.129,72.27,61.63,36.98,0.0,94.22,4.0105,10,100,0.0,11.56,3.9,80,B,1,1,0,0,0,10.43
-4.4,0.0,0.1346,0.5169,67.92,0.0,67.92,0.0,94.24,0.3856,3,58.3,0.0,11.51,1.72,67,C,0,1,1,0,0,-4.4
9.19,0.7594,0.163,0.1627,80.45,84.2,23.3,18.09,97.38,1.8135,7,100,0.0,5.24,2.97,77,B,1,1,0,0,0,9.19
13.03,0.0,0.1356,0.6715,79.28,0.0,79.28,0.0,100.0,5.8068,2,100,0.0,0.0,3.87,82,B,0,1,1,0,0,13.03
8.29,0.2042,0.0822,0.364,19.08,32.63,80.92,0.0,79.25,3.0693,3,100,0.0,41.5,3.14,82,B,1,1,1,0,0,8.29
12.63,0.0,0.1537,0.4413,59.87,0.0,59.87,0.0,91.67,3.9028,3,100,0.0,16.65,3.64,82,B,0,1,1,0,0,12.63
2.26,0.2843,0.1618,0.1518,83.83,48.79,32.84,0.0,86.96,0.9135,9,100,4.95,16.17,3.93,85,B,1,1,0,0,0,2.26
8.86,0.2118,0.2377,0.2299,95.76,52.68,57.46,10.02,100.0,1.7162,8,100,0.0,0.0,3.75,92,A,1,1,1,0,0,8.86
3.56,0.4412,0.1264,0.2055,90.63,100.0,67.92,0.0,95.31,1.6168,6,100,0.0,9.37,3.71,69,C,1,1,1,0,0,3.56
15.31,0.0,0.218,0.4186,54.0,0.0,54.0,0.0,93.65,6.9444,3,100,0.0,12.7,2.62,82,B,0,1,1,0,0,15.31
12.94,0.28,0.3043,0.1324,76.8,44.9,27.48,0.0,83.25,5.2277,10,100,12.46,8.59,3.54,88,A,1,1,0,0,0,12.94
10.95,0.1821,0.0,0.3717,17.34,29.43,82.66,0.0,62.12,4.2519,3,100,17.34,41.08,2.33,82,B,1,0,1,0,0,10.95
5.37,0.2982,0.0757,0.3478,28.4,49.97,71.6,0.0,78.42,1.4882,3,0,0.0,43.15,3.9,77,B,1,1,1,0,0,5.37
17.68,0.518,0.0,0.1574,82.32,100.0,26.88,16.49,91.16,3.9097,8,100,0.0,17.68,2.93,77,B,1,0,0,0,0,17.68
13.81,0.0,0.0,0.4362,13.8,0.0,86.2,0.0,86.01,12.6285,3,100,0.0,27.99,5.26,82,B,0,0,1,1,0,13.81
16.84,0.6152,0.0,0.5112,100.0,100.0,57.5,0.0,100.0,0.5579,2,100,0.0,0.0,3.12,59,C,1,0,1,0,0,16.84
11.94,0.0,0.1222,0.3658,18.67,0.0,81.33,0.0,79.16,3.2333,3,100,0.0,41.68,1.57,82,B,0,1,1,0,0,11.94
15.44,0.7722,0.1452,0.2019,83.57,91.49,59.69,0.0,66.2,0.3835,7,100,33.8,0.0,2.47,69,C,1,1,1,0,0,15.44
11.54,0.4942,0.1694,0.1967,100.0,52.14,33.54,32.33,100.0,1.5022,7,100,0.0,0.0,4.94,98,A,1,1,0,0,0,11.54
18.49,0.0,0.0,0.3673,48.0,0.0,52.0,48.0,88.47,6.7184,3,100,0.0,23.07,3.48,82,B,0,0,1,0,0,18.49
10.49,0.7369,0.0,0.2029,84.12,100.0,31.48,31.48,92.06,1.8194,7,100,0.0,15.88,3.3,77,B,1,0,0,0,0,10.49
9.93,0.2298,0.0774,0.1817,84.68,74.95,32.63,0.0,80.27,1.2268,8,100,12.07,15.32,2.89,92,A,1,1,0,0,0,9.93
10.62,0.3815,0.0,0.3358,70.28,100.0,36.81,33.47,85.14,0.6712,3,100,0.0,29.72,2.92,92,A,1,0,0,0,0,10.62
12.44,0.0817,0.0623,0.4571,0.0,11.93,100.0,0.0,82.63,10.2111,3,91.7,0.0,34.74,2.69,82,B,1,1,1,1,0,12.44
15.8,0.4229,0.2811,0.1892,82.34,64.09,41.9,0.0,97.4,5.2183,9,100,0.0,5.2,3.56,92,A,1,1,0,0,0,15.8
9.71,0.0,0.1615,0.6283,75.33,0.0,75.33,0.0,100.0,1.993,2,100,0.0,0.0,2.29,82,B,0,1,1,0,0,9.71
12.45,0.0,0.1482,0.5072,67.13,0.0,67.13,0.0,94.88,7.4385,4,0,0.0,10.24,3.27,82,B,0,1,1,0,0,12.45
15.07,0.0,0.1408,0.5077,67.37,0.0,67.37,0.0,94.44,6.4716,4,100,0.0,11.11,3.52,82,B,0,1,1,0,0,15.07
20.48,0.0,0.051,0.7377,85.25,0.0,85.25,0.0,96.52,8.8204,3,0,0.0,6.95,5.52,82,B,0,1,1,1,0,20.48
9.71,0.2819,0.1303,0.1283,84.16,51.36,38.66,10.63,87.74,1.4783,10,100,4.34,15.84,2.87,98,A,1,1,0,0,0,9.71
18.87,0.267,0.0659,0.2351,86.71,100.0,83.59,0.0,82.41,4.6202,6,100,10.95,13.29,3.9,84,B,1,1,1,0,0,18.87
15.69,0.2052,0.0418,0.1623,72.43,100.0,60.66,0.0,75.58,2.9331,7,100,10.63,27.57,3.36,84,B,1,1,1,0,0,15.69
13.71,0.8117,0.1025,0.3503,77.3,100.0,38.88,0.0,88.65,1.0801,3,100,0.0,22.7,1.79,67,C,1,1,1,0,0,13.71
3.18,0.0,0.1622,0.6272,75.22,0.0,75.22,0.0,100.0,1.2588,2,0,0.0,0.0,3.95,67,C,0,1,1,0,0,3.18
7.74,0.1825,0.0463,0.3726,17.38,28.47,82.62,0.0,80.52,6.5634,3,100,0.0,38.96,5.57,67,C,1,1,1,0,0,7.74
6.15,0.5138,0.3453,0.2157,81.84,100.0,26.02,0.0,100.0,1.5984,5,100,0.0,0.0,2.78,50,D,1,1,0,0,0,6.15
9.19,0.1108,0.0446,0.4126,10.35,18.56,89.65,0.0,77.89,6.2312,3,100,0.0,44.22,3.02,82,B,1,1,1,0,0,9.19
1.64,0.0,0.1125,0.4228,60.72,0.0,60.72,0.0,88.96,1.0297,4,0,0.0,22.09,3.2,67,C,0,1,1,0,0,1.64
15.19,0.2389,0.112,0.2103,100.0,19.31,41.17,28.24,100.0,2.3701,6,100,0.0,0.0,3.57,98,A,1,1,0,0,0,15.19
6.83,1.05,0.0,1.0,100.0,100.0,100.0,0.0,100.0,0.6508,1,0,0.0,0.0,0.55,44,D,1,0,1,0,0,6.83
9.85,0.0,0.0534,0.7517,86.13,0.0,86.13,0.0,97.15,5.2641,3,0,0.0,5.71,5.43,82,B,0,1,1,0,0,9.85
10.24,0.6518,0.0,0.179,76.22,78.84,29.32,18.94,89.08,1.5413,7,100,6.36,9.12,3.6,77,B,1,0,0,0,0,10.24
16.06,0.4258,0.107,0.1326,95.88,72.72,41.09,15.19,100.0,1.2649,9,100,0.0,0.0,3.63,92,A,1,1,0,0,0,16.06
15.8,0.1487,0.0,0.4528,14.16,18.87,85.84,0.0,73.35,13.2007,3,100,14.16,24.98,3.99,82,B,1,0,1,1,0,15.8
16.57,0.3385,0.0,0.3433,32.86,44.72,67.14,32.86,86.74,6.5305,3,100,0.0,26.51,3.57,92,A,1,0,1,0,0,16.57
7.39,0.0,0.1885,0.3377,28.79,0.0,71.21,0.0,80.95,0.5005,3,100,0.0,38.11,3.81,77,B,0,1,1,0,0,7.39
9.99,0.1072,0.0,0.4238,10.21,16.39,89.79,0.0,70.93,6.6078,3,0,10.21,37.72,2.36,82,B,0,0,1,0,0,9.99
13.46,0.0,0.0815,0.6226,77.23,0.0,77.23,0.0,94.84,5.8089,3,100,0.0,10.32,3.26,82,B,0,1,1,0,0,13.46
11.63,0.0,0.1465,0.3982,57.11,0.0,57.11,0.0,89.75,4.2874,4,100,0.0,20.5,2.51,82,B,0,1,1,0,0,11.63
11.21,0.067,0.0417,0.3631,87.61,27.15,73.19,8.05,93.81,2.9739,7,100,0.0,12.39,3.99,82,B,1,1,1,0,0,11.21
9.63,0.7236,0.0985,0.3678,100.0,100.0,63.07,0.0,100.0,0.0,3,100,0.0,0.0,3.54,59,C,1,1,1,0,0,9.63
11.25,0.5903,0.1785,0.3199,93.72,100.0,70.7,0.0,96.86,0.1815,4,100,0.0,6.28,3.03,69,C,1,1,1,0,0,11.25
4.04,0.0,0.1492,0.648,77.21,0.0,77.21,0.0,100.0,2.8223,2,0,0.0,0.0,5.96,67,C,0,1,1,0,0,4.04
11.82,0.5895,0.3077,0.1191,100.0,100.0,59.3,13.24,88.97,0.0,9,100,11.03,0.0,4.52,57,C,1,1,1,0,0,11.82
16.0,0.0718,0.0182,0.5124,6.83,9.41,93.17,0.0,86.31,14.4396,3,100,0.0,27.39,4.01,82,B,1,1,1,1,0,16.0
17.07,0.5244,0.2469,0.244,78.73,100.0,62.29,0.0,89.36,1.221,5,100,0.0,21.27,4.23,69,C,1,1,1,0,0,17.07
2.99,0.2017,0.2013,0.219,78.35,100.0,53.24,0.0,93.01,1.1413,8,100,0.0,13.98,3.31,69,C,1,1,1,0,0,2.99
9.02,0.0,0.0571,0.4058,13.27,0.0,86.73,0.0,82.21,9.2904,3,100,0.0,35.59,3.77,82,B,0,1,1,1,0,9.02
10.57,0.0,0.1184,0.7037,81.92,0.0,81.92,0.0,100.0,4.845,2,100,0.0,0.0,4.46,82,B,0,1,1,0,0,10.57
6.62,0.2563,0.0,0.3659,19.27,30.37,80.73,0.0,81.73,4.8985,3,100,0.0,36.55,4.1,67,C,1,0,1,0,0,6.62
6.24,0.0,0.2381,0.5372,63.63,0.0,63.63,0.0,100.0,5.7726,2,0,0.0,0.0,4.45,67,C,0,1,1,0,0,6.24
7.35,0.3486,0.0,0.2734,67.38,100.0,51.27,0.0,83.69,1.8628,4,0,0.0,32.62,2.7,69,C,1,0,1,0,0,7.35
13.63,0.0,0.0,0.4178,15.49,0.0,84.51,0.0,85.65,11.7764,3,100,0.0,28.7,3.77,82,B,0,0,1,1,0,13.63
7.89,0.7462,0.2138,0.1383,64.08,100.0,35.92,0.0,88.09,2.1563,8,100,0.0,23.83,3.64,62,C,1,1,0,0,0,7.89
15.27,0.5525,0.1971,0.1744,85.48,77.57,34.95,18.74,100.0,5.7108,7,100,0.0,0.0,4.49,77,B,1,1,0,0,0,15.27
11.49,1.05,0.1101,0.5152,100.0,100.0,58.71,0.0,100.0,1.828,2,100,0.0,0.0,3.82,59,C,1,1,1,0,0,11.49
6.13,0.1895,0.0893,0.151,84.54,33.32,39.08,4.15,92.27,0.4504,9,100,0.0,15.46,3.17,85,B,1,1,0,0,0,6.13
13.84,0.7524,0.2885,0.4472,94.01,100.0,49.94,0.0,97.01,0.1026,3,0,0.0,5.99,4.29,59,C,1,1,1,0,0,13.84
15.0,0.1391,0.0538,0.2183,84.19,100.0,66.61,0.0,92.09,2.2612,6,100,0.0,15.81,3.53,84,B,1,1,1,0,0,15.0
13.54,0.1911,0.1891,0.1223,89.38,27.27,29.06,29.06,94.69,0.4157,10,100,0.0,10.62,3.02,98,A,1,1,0,0,0,13.54
16.73,0.6569,0.0706,0.3395,83.45,100.0,52.47,0.0,97.12,2.548,5,0,0.0,5.77,4.06,69,C,1,1,1,0,0,16.73
28.6,0.0,0.0482,0.8635,92.63,0.0,92.63,0.0,100.0,9.0293,2,0,0.0,0.0,3.36,82,B,0,1,1,1,0,28.6
13.02,0.1716,0.1055,0.1999,74.22,72.74,32.56,0.0,87.11,1.4942,6,100,0.0,25.78,3.9,92,A,1,1,0,0,0,13.02
10.7,0.0,0.1649,0.3389,39.37,0.0,60.63,0.0,85.14,2.7859,3,0,0.0,29.72,3.95,92,A,0,1,1,0,0,10.7
14.98,0.0,0.1084,0.2606,79.51,0.0,46.32,8.46,96.26,2.2815,8,100,0.0,7.48,3.25,92,A,0,1,1,0,0,14.98
12.56,0.9567,0.0,0.3446,100.0,91.01,44.56,35.35,100.0,0.0225,4,100,0.0,0.0,3.23,77,B,1,0,0,0,0,12.56
10.16,0.328,0.1057,0.2037,74.58,100.0,32.63,0.0,87.29,1.4971,6,100,0.0,25.42,3.19,92,A,0,1,0,0,0,10.16
14.62,0.4503,0.0,0.2367,89.32,64.45,36.79,18.67,94.66,0.3526,5,100,0.0,10.68,3.65,92,A,1,0,0,0,0,14.62
14.83,0.5353,0.1317,0.1654,86.73,100.0,53.56,0.0,77.05,1.0675,7,100,16.32,13.27,3.47,69,C,1,1,1,0,0,14.83
15.49,0.0,0.1775,0.4594,60.97,0.0,60.97,0.0,94.04,7.082,3,100,0.0,11.92,3.9,82,B,0,1,1,0,0,15.49
17.04,0.7417,0.0,0.3388,100.0,62.01,37.99,27.7,100.0,0.0,3,100,0.0,0.0,3.17,77,B,1,0,0,0,0,17.04
9.66,0.1269,0.0967,0.369,18.12,29.56,81.88,0.0,80.66,4.608,3,100,0.0,38.68,2.94,82,B,1,1,1,0,0,9.66
11.83,0.1932,0.3701,0.1344,72.14,41.14,30.72,0.0,81.45,3.4099,10,100,12.13,12.85,3.5,88,A,1,1,0,0,0,11.83
10.7,0.2523,0.142,0.2519,78.31,100.0,53.8,0.0,100.0,1.5725,4,100,0.0,0.0,3.53,84,B,1,1,1,0,0,10.7
10.02,0.5731,0.0598,0.2232,67.53,100.0,35.39,0.0,83.77,0.8571,5,100,0.0,32.47,2.82,77,B,1,1,0,0,0,10.02
8.71,0.1706,0.0421,0.2058,80.44,45.79,44.59,0.0,90.22,1.9442,7,100,0.0,19.56,3.77,98,A,1,1,0,0,0,8.71
6.18,0.0264,0.1729,0.3405,26.41,41.56,73.59,0.0,81.77,1.8843,3,100,0.0,36.46,3.02,77,B,1,1,1,0,0,6.18
10.14,0.0,0.1174,0.4025,58.19,0.0,58.19,0.0,88.07,3.3136,4,58.3,0.0,23.87,3.29,82,B,0,1,1,0,0,10.14
17.89,0.1405,0.0177,0.3352,90.61,38.72,54.47,0.0,95.3,3.9308,7,0,0.0,9.39,2.53,92,A,1,1,1,0,0,17.89
8.98,0.1451,0.0,0.2808,92.05,41.05,53.01,0.0,82.21,2.0456,6,0,13.81,7.95,4.22,92,A,1,0,1,0,0,8.98
11.08,0.2523,0.0,0.1973,76.39,100.0,49.73,0.0,66.88,1.0049,6,0,21.32,23.61,2.8,84,B,1,0,1,0,0,11.08
18.91,0.5704,0.0437,0.1693,87.35,100.0,47.2,15.78,93.68,3.6656,8,100,0.0,12.65,4.17,69,C,1,1,1,0,0,18.91
11.29,0.2086,0.2108,0.1564,83.47,42.48,78.98,0.0,85.03,1.9475,10,100,6.7,16.53,3.68,92,A,1,1,1,0,0,11.29
16.2,0.0,0.08,0.5994,75.92,0.0,75.92,0.0,94.07,7.9314,4,0,0.0,11.85,4.0,82,B,0,1,1,0,0,16.2
15.23,0.2417,0.0,0.1546,94.2,38.18,42.45,17.82,91.56,0.1647,9,100,5.54,5.8,4.89,98,A,1,0,0,0,0,15.23
18.1,0.0,0.0911,0.5752,74.06,0.0,74.06,0.0,93.99,8.8783,4,0,0.0,12.02,4.46,82,B,0,1,1,1,0,18.1
10.5,0.413,0.0941,0.1799,66.41,74.83,33.59,0.0,83.2,1.0768,6,100,0.0,33.59,2.85,92,A,1,1,0,0,0,10.5
7.06,0.0,0.0,0.283,45.69,0,54.31,0.0,72.85,3.2422,4,0,0.0,54.31,2.95,77,B,0,0,1,0,0,7.06
18.9,0.2434,0.3108,0.2453,100.0,64.58,41.27,0.0,100.0,2.3965,5,100,0.0,0.0,4.32,80,B,1,1,0,0,0,18.9
6.75,0.0,0.0892,0.3753,16.72,0.0,83.28,0.0,80.02,4.2996,3,0,0.0,39.96,2.36,67,C,0,1,1,0,0,6.75
11.5,0.4339,0.3517,0.1702,100.0,66.73,45.12,0.0,100.0,0.2092,7,100,0.0,0.0,3.79,72,B,1,1,1,0,0,11.5
5.88,0.0,0.0805,0.3662,18.7,0.0,81.3,0.0,80.64,2.1553,3,100,0.0,38.71,3.05,67,C,0,1,1,0,0,5.88
16.43,0.2488,0.5328,0.1163,84.67,52.02,54.05,6.72,95.21,2.9823,11,100,0.0,9.59,3.82,80,B,1,1,1,0,0,16.43
13.9,0.5172,0.0,0.2623,78.79,100.0,36.66,0.0,89.39,0.6924,5,100,0.0,21.21,3.47,77,B,1,0,0,0,0,13.9
11.62,0.3304,0.2419,0.167,95.34,28.82,36.15,33.51,97.67,0.974,7,100,0.0,4.66,2.92,98,A,1,1,0,0,0,11.62
15.57,0.6614,0.1164,0.4343,82.73,100.0,82.73,0.0,91.36,4.5544,4,100,0.0,17.27,2.88,59,C,1,1,1,0,0,15.57
15.26,0.1897,0.0,0.1895,85.03,44.87,34.67,34.67,92.51,1.8086,8,100,0.0,14.97,3.58,98,A,1,0,0,0,0,15.26
7.24,0.4772,0.0,0.2385,100.0,100.0,33.99,33.99,100.0,0.3516,5,100,0.0,0.0,3.24,77,B,1,0,0,0,0,7.24
17.06,0.2738,0.0549,0.3689,81.64,100.0,68.89,0.0,97.36,7.3528,5,100,0.0,5.28,4.75,74,B,1,1,1,0,0,17.06
18.77,0.0,0.0,0.4481,16.71,0.0,83.29,0.0,88.75,14.5035,3,100,0.0,22.49,4.71,82,B,0,0,1,1,0,18.77
8.25,0.1385,0.0352,0.3966,13.19,21.96,86.81,0.0,80.03,4.8188,3,100,0.0,39.94,3.81,82,B,1,1,1,0,0,8.25
15.64,0.1871,0.0,0.373,18.16,28.3,81.84,18.16,82.09,5.2259,3,100,0.0,35.83,1.77,82,B,1,0,1,0,0,15.64
11.8,0.4579,0.0,0.2339,88.17,55.45,40.5,27.66,94.09,2.86,6,100,0.0,11.83,2.81,98,A,1,0,0,0,0,11.8
12.15,0.0,0.168,0.5258,67.47,0.0,67.47,0.0,96.57,5.8087,3,100,0.0,6.86,3.88,82,B,0,1,1,0,0,12.15
1.88,0.238,0.0635,0.2958,100.0,52.73,57.01,0.0,89.23,0.0,5,100,10.77,0.0,5.45,77,B,1,1,1,0,0,1.88
17.41,0.0,0.081,0.7832,87.63,0.0,87.63,0.0,100.0,5.7264,2,100,0.0,0.0,3.3,82,B,0,1,1,0,0,17.41
6.84,0.2494,0.0,0.3484,23.75,40.03,76.25,0.0,55.92,1.6022,3,0,23.75,40.66,3.62,77,B,1,0,1,0,0,6.84
15.62,0.2527,0.095,0.2013,84.28,100.0,44.4,0.0,92.14,2.5346,6,100,0.0,15.72,3.76,92,A,1,1,0,0,0,15.62
9.83,0.7985,0.0613,0.3069,100.0,100.0,44.0,0.0,56.0,3.0518,4,100,44.0,0.0,4.36,77,B,1,1,0,0,0,9.83
11.81,0.0,0.1335,0.3442,25.03,0.0,74.97,0.0,80.45,2.8576,3,100,0.0,39.1,1.9,92,A,0,1,1,0,0,11.81
14.7,0.0,0.0894,0.528,70.34,0.0,70.34,0.0,92.0,4.9784,4,0,0.0,16.0,3.66,82,B,0,1,1,0,0,14.7
13.77,0.8516,0.0491,0.2547,100.0,100.0,61.98,0.0,75.64,0.1248,5,100,24.36,0.0,2.7,69,C,1,1,1,0,0,13.77
13.3,0.0,0.1539,0.6403,76.49,0.0,76.49,0.0,100.0,4.9024,2,100,0.0,0.0,3.81,82,B,0,1,1,0,0,13.3
19.07,0.0432,0.0,0.2524,83.44,5.83,39.46,27.01,87.6,5.128,7,100,4.12,16.56,2.58,98,A,1,0,0,0,0,19.07
6.44,0.0,0.1414,0.4444,61.72,0.0,61.72,0.0,91.66,3.5999,4,100,0.0,16.67,3.54,67,C,0,1,1,0,0,6.44
12.26,0.538,0.0,0.3624,100.0,100.0,89.97,0.0,100.0,3.0718,4,100,0.0,0.0,3.39,59,C,1,0,1,0,0,12.26
15.53,0.0,0.1961,0.5803,70.04,0.0,70.04,0.0,100.0,9.4497,2,100,0.0,0.0,5.49,82,B,0,1,1,1,0,15.53
4.53,0.0,0.1449,0.3536,22.14,0.0,77.86,0.0,79.19,1.9971,3,100,0.0,41.61,2.56,67,C,0,1,1,0,0,4.53
8.61,0.3837,0.3196,0.2034,90.57,55.04,48.66,0.0,100.0,0.659,8,100,0.0,0.0,2.68,80,B,1,1,1,0,0,8.61
9.83,0.0866,0.022,0.4346,8.25,13.75,91.75,0.0,80.0,6.4838,3,100,0.0,40.0,2.8,82,B,1,1,1,0,0,9.83
5.4,0.9392,0.0948,0.4279,46.12,100.0,53.88,0.0,100.0,5.3389,3,100,0.0,0.0,3.68,44,D,1,1,1,0,0,5.4
11.95,0.4745,0.1174,0.1957,100.0,39.45,41.54,28.57,90.04,2.8664,6,100,9.96,0.0,4.78,98,A,1,1,0,0,0,11.95
9.72,0.0,0.0,0.3579,22.19,0.0,77.81,0.0,83.28,6.8076,3,100,0.0,33.45,4.26,82,B,0,0,1,0,0,9.72
14.9,0.5695,0.1278,0.1411,86.63,100.0,25.36,0.0,93.32,3.089,9,100,0.0,13.37,3.7,77,B,1,1,0,0,0,14.9
10.65,0.226,0.1072,0.142,77.95,26.3,31.25,0.0,88.97,1.2895,8,100,0.0,22.05,3.34,98,A,1,1,0,0,0,10.65
12.33,0.0,0.1101,0.3742,16.83,0.0,83.17,0.0,79.41,5.6444,3,0,0.0,41.18,3.13,82,B,0,1,1,0,0,12.33
6.21,0.2106,0.0,0.1634,67.0,48.78,33.0,20.44,83.5,1.7011,7,91.7,0.0,33.0,2.42,85,B,1,0,0,0,0,6.21
18.22,0.2167,0.1689,0.1471,83.89,26.16,24.48,24.48,91.95,3.4482,9,100,0.0,16.11,2.76,98,A,1,1,0,0,0,18.22
12.11,0.0643,0.0,0.4782,79.45,100.0,64.26,0.0,89.73,3.4469,3,100,0.0,20.55,2.71,74,B,1,0,1,0,0,12.11
12.52,0.0,0.0689,0.4443,10.53,0.0,89.47,0.0,84.05,9.0653,3,100,0.0,31.89,2.4,82,B,0,1,1,1,0,12.52
6.94,0.0,0.1799,0.3661,51.34,0.0,51.34,0.0,89.41,5.3537,4,0,0.0,21.19,3.57,67,C,0,1,1,0,0,6.94
12.27,0.0,0.0,0.3357,32.72,0.0,67.28,32.72,84.89,4.3981,3,100,0.0,30.23,3.78,92,A,0,0,1,0,0,12.27
19.69,0.7975,0.4512,0.2039,70.03,72.17,57.36,0.0,91.96,8.1071,6,100,8.04,0.0,3.72,57,C,1,1,1,1,0,19.69
30.53,0.0401,0.0275,0.4921,97.13,27.3,68.05,0.0,98.56,7.1019,6,100,0.0,2.87,3.16,82,B,1,1,1,0,0,30.53
13.34,0.5054,0.3905,0.2294,82.89,82.89,51.3,6.15,74.4,3.4463,5,100,25.6,0.0,4.43,57,C,1,1,1,0,0,13.34
13.49,0.185,0.1484,0.1356,92.09,34.78,34.45,6.23,86.18,2.9412,9,100,9.87,7.91,3.86,98,A,1,1,0,0,0,13.49
11.11,0.0548,0.0957,0.4327,84.86,16.34,64.18,0.0,96.17,3.7855,8,100,0.0,7.67,3.69,82,B,1,1,1,0,0,11.11
8.49,0.2472,0.0,0.221,74.65,42.49,32.49,24.0,87.32,1.646,6,100,0.0,25.35,3.21,98,A,1,0,0,0,0,8.49
14.09,0.3745,0.0,0.1736,82.63,50.07,30.49,30.49,79.88,3.223,8,100,11.43,17.37,3.64,98,A,1,0,0,0,0,14.09
5.85,0.3106,0.3067,0.15,84.37,48.25,45.84,0.0,86.76,1.0766,9,100,9.13,8.23,3.53,65,C,1,1,1,0,0,5.85
2.2,0.0,0.0,0.3196,87.28,0.0,50.28,0.0,84.53,0.1767,5,0,9.11,12.72,2.05,77,B,0,0,1,0,0,2.2
14.72,0.3964,0.0769,0.2195,90.15,41.39,31.89,31.89,100.0,5.6139,7,100,0.0,0.0,4.58,98,A,1,1,0,0,0,14.72
16.85,0.4144,0.0,0.4068,100.0,100.0,52.79,0.0,65.57,2.6978,4,100,34.43,0.0,3.65,74,B,1,0,1,0,0,16.85
6.74,0.0156,0.322,0.1579,100.0,22.59,53.32,0.0,100.0,1.3873,7,100,0.0,0.0,4.47,65,C,1,1,1,0,0,6.74
11.83,0.493,0.0,0.3231,89.32,48.18,39.88,39.88,94.66,3.4393,4,100,0.0,10.68,4.64,98,A,1,0,0,0,0,11.83
8.03,0.4471,0.0913,0.1976,73.04,76.15,63.86,0.0,57.2,1.9062,6,100,29.32,26.96,4.39,84,B,1,1,1,0,0,8.03
15.11,0.0,0.1772,0.4452,60.1,0.0,60.1,0.0,93.58,8.7134,4,100,0.0,12.83,4.31,82,B,0,1,1,1,0,15.11
20.5,0.1081,0.0443,0.2794,89.71,25.72,31.69,0.0,100.0,5.7377,4,0,0.0,0.0,4.97,98,A,1,1,0,0,0,20.5
8.95,0.0,0.066,0.3823,15.32,0.0,84.68,0.0,78.19,5.0728,3,0,0.0,43.62,2.34,82,B,0,1,1,0,0,8.95
13.74,0.0,0.0687,0.437,12.88,0.0,87.12,0.0,85.37,9.9356,3,100,0.0,29.26,2.47,82,B,0,1,1,1,0,13.74
-0.39,0.0,0.1772,0.3695,52.27,0.0,52.27,0.0,89.67,3.0809,4,100,0.0,20.66,3.1,67,C,0,1,1,0,0,-0.39
18.11,0.276,0.0,0.4509,100.0,100.0,62.42,22.24,100.0,5.7577,4,100,0.0,0.0,4.49,74,B,1,0,1,0,0,18.11
8.36,0.184,0.1834,0.1949,100.0,55.01,64.19,0.0,100.0,0.4533,7,100,0.0,0.0,3.17,92,A,1,1,1,0,0,8.36
14.05,0.0958,0.073,0.4242,13.69,19.65,86.31,0.0,84.84,9.4817,3,100,0.0,30.32,3.64,82,B,1,1,1,1,0,14.05
8.99,0.0,0.2579,0.4633,55.25,0.0,55.25,0.0,97.32,7.4132,3,100,0.0,5.35,3.62,82,B,0,1,1,0,0,8.99
11.25,0.3072,0.1629,0.1394,76.83,68.67,34.73,0.0,88.13,3.2426,10,100,6.31,11.11,3.5,92,A,1,1,0,0,0,11.25
7.69,0.1881,0.0314,0.4115,94.22,60.33,76.31,0.0,97.11,0.4072,5,100,0.0,5.78,4.03,59,C,1,1,1,0,0,7.69
18.4,0.1335,0.1594,0.26,96.84,27.74,61.58,7.33,95.32,4.5815,9,100,3.11,3.16,4.01,92,A,1,1,1,0,0,18.4
13.6,0.3506,0.0377,0.3292,94.53,100.0,87.2,0.0,97.26,3.3163,5,100,0.0,5.47,3.6,84,B,1,1,1,0,0,13.6
19.39,0.2316,0.0861,0.1765,89.94,33.43,40.52,40.52,83.68,0.8929,9,100,11.28,10.06,3.25,98,A,1,1,0,0,0,19.39
13.02,0.1919,0.0667,0.1369,87.56,61.2,41.99,0.0,78.46,0.6686,9,100,15.32,12.44,3.34,92,A,0,1,0,0,0,13.02
20.74,0.2417,0.1001,0.2181,89.51,55.26,63.12,0.0,85.18,2.495,7,100,9.57,10.49,2.64,92,A,1,1,1,0,0,20.74
17.59,0.7572,0.1608,0.3906,80.31,100.0,80.31,0.0,90.15,3.4291,4,100,0.0,19.69,3.85,59,C,1,1,1,0,0,17.59
10.01,0.0,0.0,0.3937,14.78,0.0,85.22,14.78,82.01,8.5058,3,0,0.0,35.99,4.74,82,B,0,0,1,1,0,10.01
10.62,0.2089,0.0,0.3593,20.28,32.98,79.72,20.28,80.75,2.2416,3,100,0.0,38.5,2.5,82,B,1,0,1,0,0,10.62
12.06,0.3715,0.0482,0.1607,68.45,60.83,31.55,26.55,88.74,2.3746,8,100,0.0,22.52,1.66,92,A,1,1,0,0,0,12.06
22.75,0.0,0.0687,0.5744,10.49,0.0,89.51,0.0,91.89,18.1439,3,0,0.0,16.23,4.04,82,B,0,1,1,1,0,22.75
21.98,0.0,0.0773,0.6718,80.77,0.0,80.77,0.0,96.29,6.4407,3,100,0.0,7.42,3.53,82,B,0,1,1,0,0,21.98
5.08,0.0,0.1394,0.6648,78.7,0.0,78.7,0.0,100.0,2.71,2,100,0.0,0.0,4.43,67,C,0,1,1,0,0,5.08
15.08,0.7724,0.0,0.2637,100.0,75.96,47.73,0.0,75.03,0.642,5,100,24.97,0.0,3.67,69,C,1,0,1,0,0,15.08
12.68,0.1379,0.1516,0.1646,78.14,17.98,34.13,0.0,70.77,3.6731,9,100,24.68,9.1,3.81,98,A,1,1,0,0,0,12.68
14.84,0.9573,0.0444,0.2947,100.0,100.0,43.01,18.36,100.0,3.6255,4,100,0.0,0.0,5.93,77,B,1,1,0,0,0,14.84
14.56,0.0,0.1103,0.7198,83.15,0.0,83.15,0.0,100.0,4.3263,2,100,0.0,0.0,2.94,82,B,0,1,1,0,0,14.56
16.42,0.7283,0.0,0.2717,91.39,100.0,68.57,0.0,68.46,1.8542,6,100,27.23,8.61,2.56,69,C,1,0,1,0,0,16.42
20.04,0.0585,0.0788,0.4176,100.0,57.12,61.72,0.0,93.89,5.2517,6,100,6.11,0.0,4.39,82,B,1,1,1,0,0,20.04
18.57,0.4497,0.2566,0.1822,89.49,73.97,36.18,0.0,98.59,1.7929,9,100,0.0,2.82,3.29,92,A,1,1,0,0,0,18.57
8.6,0.6149,0.3009,0.2579,44.29,100.0,55.71,0.0,90.08,7.004,5,100,0.0,19.83,4.15,57,C,1,1,1,0,0,8.6
12.6,0.3938,0.0793,0.2801,87.88,75.75,70.22,17.66,100.0,0.403,5,100,0.0,0.0,2.84,84,B,1,1,1,0,0,12.6
10.99,0.6228,0.3789,0.2796,100.0,100.0,88.68,0.0,100.0,0.8238,4,100,0.0,0.0,5.29,57,C,1,1,1,0,0,10.99
17.87,0.0923,0.0486,0.1789,83.12,13.71,29.7,28.03,95.96,4.687,8,0,0.0,8.09,4.28,98,A,1,1,0,0,0,17.87
7.93,0.3316,0.1725,0.1373,83.54,81.7,50.5,0.0,84.29,0.5849,9,100,7.48,16.46,3.44,69,C,1,1,1,0,0,7.93
6.43,0.366,0.298,0.2322,86.43,100.0,58.37,0.0,93.21,1.9375,6,100,0.0,13.57,2.48,69,C,1,1,1,0,0,6.43
15.49,0.2548,0.1908,0.2877,100.0,82.24,43.85,0.0,85.3,0.0056,4,100,14.7,0.0,2.78,92,A,1,1,0,0,0,15.49
11.22,0.5911,0.0746,0.1674,79.51,100.0,30.28,0.0,89.76,0.5525,7,41.7,0.0,20.49,1.8,77,B,1,1,0,0,0,11.22
6.22,0.3729,0.0,0.2684,63.04,100.0,63.04,0.0,48.9,2.4313,4,100,32.62,36.96,2.73,69,C,1,0,1,0,0,6.22
8.88,0.0,0.1666,0.6205,74.55,0.0,74.55,0.0,100.0,2.1656,2,100,0.0,0.0,2.76,82,B,0,1,1,0,0,8.88
9.09,0.1716,0.0691,0.3801,16.04,29.21,83.96,0.0,77.46,4.0131,3,100,0.0,45.09,2.16,82,B,1,1,1,0,0,9.09
12.57,0.2002,0.0177,0.2872,77.25,47.61,63.33,0.0,91.94,1.8775,7,100,0.0,16.12,2.77,92,A,1,1,1,0,0,12.57
25.5,0.1833,0.0,0.4275,100.0,18.13,62.23,62.23,100.0,5.9018,5,0,0.0,0.0,2.5,82,B,1,0,1,0,0,25.5
9.63,0.8732,0.1076,0.3797,100.0,100.0,62.39,0.0,54.04,1.309,3,100,45.96,0.0,5.01,59,C,1,1,1,0,0,9.63
25.96,0.0,0.071,0.7062,83.12,0.0,83.12,0.0,96.98,9.6784,3,100,0.0,6.03,4.12,82,B,0,1,1,1,0,25.96
19.09,0.0089,0.0362,0.381,100.0,25.15,64.47,0.0,80.19,0.8507,5,0,19.81,0.0,4.42,82,B,0,1,1,0,0,19.09
-0.21,0.1855,0.1731,0.2652,73.62,100.0,32.08,0.0,86.81,0.7542,4,100,0.0,26.38,2.15,77,B,1,1,0,0,0,-0.21
10.27,0.4083,0.0,0.3654,39.64,67.88,60.36,39.64,79.2,5.6107,3,100,0.0,41.6,4.89,74,B,1,0,1,0,0,10.27
25.94,0.1049,0.0799,0.5823,0.0,11.9,100.0,0.0,91.95,20.4263,3,100,0.0,16.09,5.51,82,B,1,1,1,1,0,25.94
8.36,0.2022,0.2362,0.2005,94.27,45.44,48.61,0.0,87.83,0.0774,7,100,12.17,0.0,3.91,92,A,1,1,1,0,0,8.36
15.94,0.5954,0.1504,0.1279,66.78,100.0,41.8,4.7,76.33,4.0818,9,100,13.95,19.45,3.41,77,B,1,1,0,0,0,15.94
10.73,0.0,0.0882,0.6311,77.8,0.0,77.8,0.0,95.64,6.108,3,100,0.0,8.72,5.44,82,B,0,1,1,0,0,10.73
15.22,0.51,0.2057,0.3402,85.79,100.0,44.89,0.0,92.9,1.6597,4,100,0.0,14.21,4.59,77,B,1,1,0,0,0,15.22
14.76,0.0,0.0689,0.6292,77.74,0.0,77.74,0.0,94.13,5.4573,3,100,0.0,11.73,3.29,82,B,0,1,1,0,0,14.76
26.11,0.0,0.1654,0.4073,100.0,0.0,61.0,0.0,100.0,6.7005,6,0,0.0,0.0,4.38,82,B,0,1,1,0,0,26.11
12.38,0.0,0.1736,0.4439,59.5,0.0,59.5,0.0,93.01,4.1501,3,100,0.0,13.99,3.03,82,B,0,1,1,0,0,12.38
7.41,0.0,0.1892,0.5889,71.09,0.0,71.09,0.0,100.0,3.6676,2,0,0.0,0.0,4.91,67,C,0,1,1,0,0,7.41
21.1,0.0,0.0536,0.6723,81.24,0.0,81.24,0.0,94.71,7.9274,4,100,0.0,10.57,3.1,82,B,0,1,1,0,0,21.1
8.26,0.0,0.0534,0.3721,32.14,0.0,67.86,0.0,76.09,3.1286,3,100,0.0,47.82,4.1,82,B,0,1,1,0,0,8.26
7.41,0.0675,0.2008,0.1964,74.17,12.09,41.37,0.0,94.08,2.6407,8,100,0.0,11.84,3.5,85,B,1,1,0,0,0,7.41
14.36,0.4576,0.0,0.2211,85.9,70.55,30.86,30.86,79.65,3.5191,5,100,13.3,14.1,4.53,92,A,1,0,0,0,0,14.36
6.62,0.4302,0.0,0.2291,77.69,100.0,39.06,0.0,88.85,1.2176,6,100,0.0,22.31,2.96,77,B,1,0,0,0,0,6.62
12.89,0.1164,0.3176,0.1729,77.1,58.83,38.63,0.0,92.9,0.7186,8,100,0.0,14.19,3.22,88,A,1,1,0,0,0,12.89
6.05,0.0,0.1408,0.3706,0.0,0.0,100.0,0.0,79.09,2.6466,3,100,0.0,41.82,1.73,67,C,0,1,1,0,0,6.05
13.58,0.4881,0.3016,0.1396,72.29,81.35,40.57,0.0,92.1,1.2298,9,100,0.0,15.81,2.92,80,B,1,1,0,0,0,13.58
19.57,0.0,0.1574,0.6347,75.95,0.0,75.95,0.0,100.0,7.5935,2,100,0.0,0.0,4.28,82,B,0,1,1,0,0,19.57
12.19,0.1973,0.1166,0.2017,92.72,100.0,31.43,0.0,96.36,1.617,6,100,0.0,7.28,3.82,92,A,1,1,0,0,0,12.19
15.77,0.3357,0.121,0.1513,94.33,43.54,37.36,10.48,92.96,3.0244,9,100,4.2,5.67,3.39,98,A,1,1,0,0,0,15.77
7.98,0.8736,0.146,0.3404,100.0,100.0,61.02,0.0,72.87,0.0,3,100,27.13,0.0,3.52,54,D,1,1,1,0,0,7.98
16.33,0.0,0.1537,0.4388,60.93,0.0,60.93,0.0,92.21,8.4963,4,100,0.0,15.58,3.62,82,B,0,1,1,1,0,16.33
9.68,0.0,0.1233,0.5728,72.82,0.0,72.82,0.0,95.83,1.055,3,100,0.0,8.34,3.39,82,B,0,1,1,0,0,9.68
17.28,0.7629,0.1285,0.2566,93.52,100.0,79.2,0.0,79.05,5.1501,7,100,17.71,6.48,4.01,69,C,1,1,1,0,0,17.28
17.92,0.0,0.228,0.546,65.17,0.0,65.17,0.0,100.0,7.192,2,100,0.0,0.0,3.46,82,B,0,1,1,0,0,17.92
16.14,0.4068,0.0738,0.2504,72.05,51.09,44.46,27.59,86.02,3.3121,5,100,0.0,27.95,2.74,98,A,1,1,0,0,0,16.14
9.84,0.0,0.169,0.5311,67.86,0.0,67.86,0.0,96.84,3.6987,3,0,0.0,6.33,3.8,82,B,0,1,1,0,0,9.84
11.87,0.0,0.1157,0.2806,100.0,0.0,57.74,0.0,100.0,1.7235,5,100,0.0,0.0,3.71,92,A,0,1,1,0,0,11.87
12.78,0.4875,0.3905,0.2311,89.23,100.0,52.29,0.0,94.61,3.9299,5,100,0.0,10.77,4.41,72,B,1,1,1,0,0,12.78
17.56,0.455,0.5794,0.2236,53.24,82.33,46.76,0.0,92.86,8.2193,5,100,0.0,14.27,3.92,72,B,1,1,1,1,0,17.56
18.08,0.3902,0.1721,0.4748,100.0,100.0,62.74,0.0,100.0,3.7015,3,100,0.0,0.0,4.09,74,B,1,1,1,0,0,18.08
18.53,0.3149,0.0911,0.1684,80.04,100.0,45.07,0.0,75.21,1.9414,7,100,14.81,19.96,2.66,84,B,1,1,1,0,0,18.53
16.04,0.0,0.0897,0.3334,33.64,0.0,66.36,0.0,83.65,2.8581,3,0,0.0,32.71,2.84,92,A,0,1,1,0,0,16.04
20.34,0.0902,0.0562,0.5749,8.59,10.52,91.41,0.0,90.83,16.9797,3,100,0.0,18.34,4.39,82,B,1,1,1,1,0,20.34
6.3,0.7227,0.4177,0.1802,100.0,82.01,46.78,0.0,90.91,1.061,6,100,9.09,0.0,4.21,42,D,1,1,1,0,0,6.3
12.73,0.0986,0.0615,0.4909,9.39,12.76,90.61,0.0,86.81,12.5801,3,100,0.0,26.38,3.3,82,B,1,1,1,1,0,12.73
16.45,0.4972,0.2266,0.2819,54.32,56.72,45.68,0.0,81.75,8.7461,5,0,12.72,11.05,3.66,92,A,1,1,1,1,0,16.45
2.45,0.0,0.1298,0.3616,19.83,0.0,80.17,0.0,78.86,0.5328,3,100,0.0,42.28,3.01,67,C,0,1,1,0,0,2.45
13.17,0.6235,0.1165,0.1418,83.18,80.7,28.06,0.0,79.84,0.9533,10,100,11.75,16.82,2.96,77,B,1,1,0,0,0,13.17
4.42,0.0,0.1635,0.6253,75.03,0.0,75.03,0.0,100.0,1.6965,2,100,0.0,0.0,4.2,67,C,0,1,1,0,0,4.42
17.63,0.9826,0.0,0.4186,100.0,86.26,54.89,54.89,100.0,2.6356,3,100,0.0,0.0,4.15,59,C,1,0,1,0,0,17.63
17.03,0.0815,0.0,0.4782,7.77,11.23,92.23,0.0,76.82,11.5685,3,100,7.77,30.82,2.39,82,B,1,0,1,1,0,17.03
12.01,0.3942,0.0,0.2126,100.0,36.02,29.64,27.09,83.42,0.0,6,100,16.58,0.0,3.77,98,A,1,0,0,0,0,12.01
12.69,0.0629,0.0978,0.1871,94.0,30.58,39.85,9.53,97.0,3.097,7,100,0.0,6.0,4.0,98,A,1,1,0,0,0,12.69
17.27,0.6208,0.0167,0.2046,100.0,75.49,32.87,32.87,82.55,3.3496,7,100,17.45,0.0,4.34,77,B,1,1,0,0,0,17.27
11.18,0.5131,0.0323,0.1956,90.67,74.83,32.07,32.07,95.33,2.2228,7,100,0.0,9.33,3.12,77,B,1,1,0,0,0,11.18
11.92,0.2662,0.1163,0.1507,100.0,37.35,44.17,6.84,91.76,1.9101,8,100,8.24,0.0,3.31,98,A,1,1,0,0,0,11.92
10.93,0.4782,0.1252,0.1471,83.85,58.24,29.1,22.58,68.52,1.6728,9,100,23.4,16.15,2.75,98,A,1,1,0,0,0,10.93
16.43,0.0,0.0,0.295,79.26,0.0,48.84,0.0,89.63,2.6026,6,83.3,0.0,20.74,1.84,92,A,0,0,1,0,0,16.43
10.16,0.0231,0.1511,0.3562,23.09,34.19,76.91,0.0,83.77,6.3571,3,100,0.0,32.47,3.48,82,B,1,1,1,0,0,10.16
13.88,0.5899,0.1815,0.2623,86.16,100.0,48.26,0.0,93.08,2.3509,6,100,0.0,13.84,2.47,69,C,1,1,1,0,0,13.88
7.61,0.2158,0.5373,0.1517,85.67,43.95,30.95,0.0,96.78,1.3039,9,100,0.0,6.45,3.26,73,B,1,1,0,0,0,7.61
20.3,0.0,0.122,0.5745,72.99,0.0,72.99,0.0,95.81,5.1795,3,0,0.0,8.37,3.05,82,B,0,1,1,0,0,20.3
18.63,0.0,0.0,0.3411,37.2,0.0,62.8,0.0,49.72,8.6534,3,0,37.2,26.17,3.88,92,A,0,0,1,1,0,18.63
14.37,0.0,0.048,0.1836,85.75,0.0,56.89,0.0,80.97,0.7316,7,100,11.91,14.25,2.8,92,A,0,1,1,0,0,14.37
10.3,0.5027,0.1752,0.1635,94.65,71.66,53.74,21.65,85.51,3.1243,8,100,14.49,0.0,5.1,69,C,1,1,1,0,0,10.3
22.91,0.054,0.0337,0.3405,94.85,12.66,59.34,0.0,87.61,6.1463,6,100,12.39,0.0,4.33,92,A,1,1,1,0,0,22.91
3.52,0.3628,0.0,0.3423,82.55,100.0,51.14,0.0,100.0,0.5341,4,100,0.0,0.0,2.49,69,C,1,0,1,0,0,3.52
8.25,0.1294,0.0,0.487,100.0,46.84,66.95,0.0,100.0,1.2528,4,100,0.0,0.0,3.74,82,B,1,0,1,0,0,8.25
13.88,0.0,0.0528,0.3683,19.79,0.0,80.21,0.0,83.0,9.0665,3,100,0.0,34.0,4.1,82,B,0,1,1,1,0,13.88
18.79,0.0,0.1672,0.6197,74.46,0.0,74.46,0.0,100.0,7.334,2,100,0.0,0.0,6.02,82,B,0,1,1,0,0,18.79
14.66,0.0749,0.0,0.4095,88.3,31.86,60.87,7.27,94.15,5.0518,6,0,0.0,11.7,4.07,82,B,1,0,1,0,0,14.66
8.26,0.2042,0.0,0.3624,19.83,31.55,80.17,19.83,81.42,4.3283,3,100,0.0,37.16,2.43,82,B,1,0,1,0,0,8.26
6.92,0.34,0.0,0.2417,81.99,54.18,37.71,33.01,91.0,0.7741,5,0,0.0,18.01,1.75,85,B,1,0,0,0,0,6.92
18.48,0.0,0.1228,0.6952,81.24,0.0,81.24,0.0,100.0,7.5938,2,100,0.0,0.0,4.47,82,B,0,1,1,0,0,18.48
10.49,0.2639,0.1381,0.1802,76.69,49.69,40.38,8.2,93.67,3.0203,10,100,0.0,12.66,3.34,98,A,1,1,0,0,0,10.49
19.1,0.0,0.2686,0.3476,0.0,0.0,100.0,0.0,87.62,16.179,3,100,0.0,24.76,4.82,92,A,0,1,1,1,0,19.1
13.32,0.0579,0.1073,0.2101,100.0,24.63,45.87,4.62,100.0,2.458,7,100,0.0,0.0,3.24,92,A,1,1,1,0,0,13.32
4.54,0.2249,0.0,0.3541,21.84,37.18,78.16,21.84,79.36,0.9307,3,100,0.0,41.27,2.86,67,C,1,0,1,0,0,4.54
11.69,0.7413,0.042,0.4364,100.0,100.0,74.73,0.0,100.0,1.3604,3,100,0.0,0.0,2.46,59,C,1,1,1,0,0,11.69
-9.73,0.0,0.2276,0.5464,65.22,0.0,65.22,0.0,100.0,0.0,2,100,0.0,0.0,3.55,67,C,0,1,1,0,0,-9.73
12.1,0.1342,0.1022,0.3842,19.16,27.47,80.84,0.0,84.88,7.1572,3,100,0.0,30.23,3.57,82,B,1,1,1,0,0,12.1
17.58,0.8401,0.0363,0.1724,76.21,84.51,23.79,19.35,86.18,3.7431,7,100,13.82,0.0,3.43,77,B,1,1,0,0,0,17.58
12.96,0.0,0.0983,0.6086,76.03,0.0,76.03,0.0,95.52,7.0083,3,100,0.0,8.95,4.53,82,B,0,1,1,0,0,12.96
14.89,0.3695,0.213,0.1877,84.43,100.0,76.16,0.0,92.21,1.2306,6,100,0.0,15.57,4.47,84,B,1,1,1,0,0,14.89
22.25,0.3719,0.0215,0.2943,89.5,91.51,75.89,0.0,94.75,6.4658,5,100,0.0,10.5,4.16,84,B,1,1,1,0,0,22.25
15.84,0.117,0.0892,0.3759,16.72,27.5,83.28,0.0,80.4,2.6082,3,100,0.0,39.2,2.74,82,B,0,1,1,0,0,15.84
15.46,0.4366,0.1389,0.2388,89.77,100.0,51.93,10.77,97.09,4.5602,10,100,0.0,5.83,3.21,84,B,1,1,1,0,0,15.46
4.71,0.0,0.0945,0.5491,71.26,0.0,71.26,0.0,92.85,1.6979,3,100,0.0,14.31,5.01,67,C,0,1,1,0,0,4.71
9.09,0.6957,0.2154,0.1393,78.15,100.0,21.85,20.53,94.41,1.4191,9,100,0.0,11.19,3.33,77,B,1,1,0,0,0,9.09
10.08,0.2317,0.0457,0.1874,100.0,35.89,33.92,15.29,100.0,0.2326,7,100,0.0,0.0,3.84,98,A,1,1,0,0,0,10.08
10.99,0.0541,0.1748,0.1742,93.67,28.03,46.09,14.99,96.83,2.3901,9,100,0.0,6.33,4.16,92,A,1,1,1,0,0,10.99
17.28,0.7479,0.261,0.1335,76.33,100.0,23.67,9.79,96.73,3.9954,9,100,0.0,6.55,3.6,77,B,1,1,0,0,0,17.28
8.63,0.5106,0.0,0.368,69.58,100.0,47.72,0.0,84.79,1.7142,3,0,0.0,30.42,3.31,59,C,1,0,1,0,0,8.63
11.86,0.0,0.0762,0.4091,11.65,0.0,88.35,0.0,80.48,8.4221,3,100,0.0,39.05,2.99,82,B,0,1,1,1,0,11.86
15.2,0.5417,0.0494,0.2458,86.9,100.0,69.27,0.0,93.45,1.9067,5,0,0.0,13.1,3.59,69,C,1,1,1,0,0,15.2
23.62,0.1536,0.1266,0.2484,100.0,22.52,51.32,14.91,100.0,5.7877,5,0,0.0,0.0,3.91,92,A,1,1,1,0,0,23.62
16.23,0.2531,0.1999,0.1322,100.0,29.51,31.17,31.17,100.0,0.4778,9,100,0.0,0.0,3.12,98,A,1,1,0,0,0,16.23
15.66,0.0606,0.0,0.2791,83.65,10.35,46.56,16.2,79.59,4.6347,6,100,12.24,16.35,3.86,92,A,1,0,1,0,0,15.66
15.84,0.4773,0.2916,0.1628,85.45,100.0,39.21,0.0,92.73,1.6121,9,100,0.0,14.55,3.5,92,A,1,1,0,0,0,15.84
12.23,0.2741,0.1188,0.156,76.99,30.8,38.71,20.35,90.94,3.3576,9,100,0.0,18.11,2.67,98,A,1,1,0,0,0,12.23
14.26,0.2549,0.2112,0.5629,100.0,100.0,67.74,0.0,100.0,3.7689,2,100,0.0,0.0,4.74,74,B,1,1,1,0,0,14.26
7.95,0.0,0.0,0.3518,22.34,0.0,77.66,0.0,57.59,4.0058,3,100,22.34,40.14,2.92,67,C,0,0,1,0,0,7.95
8.99,0.0,0.1513,0.3371,35.25,0.0,64.75,0.0,81.81,3.5961,3,100,0.0,36.38,3.32,92,A,0,1,1,0,0,8.99
8.8,0.7232,0.3654,0.2026,82.05,100.0,30.03,0.0,91.03,1.4771,6,100,0.0,17.95,3.19,65,C,1,1,0,0,0,8.8
8.14,0.3079,0.2563,0.3891,85.49,100.0,46.34,0.0,92.74,0.3502,3,0,0.0,14.51,2.91,74,B,1,1,1,0,0,8.14
13.25,0.4258,0.1668,0.2073,65.6,100.0,34.4,0.0,82.8,3.2911,6,75.0,0.0,34.4,2.33,92,A,1,1,0,0,0,13.25
13.8,0.7793,0.1407,0.1337,82.87,100.0,51.11,12.36,77.95,4.4224,10,100,17.66,8.78,4.73,69,C,1,1,1,0,0,13.8
15.8,0.4458,0.0,0.4565,81.86,100.0,63.68,0.0,90.93,3.9172,4,100,0.0,18.14,2.69,74,B,1,0,1,0,0,15.8
18.73,0.0,0.1631,0.6259,75.09,0.0,75.09,0.0,100.0,3.591,2,75.0,0.0,0.0,2.3,82,B,0,1,1,0,0,18.73
15.65,0.5288,0.2118,0.386,100.0,100.0,90.06,0.0,100.0,4.463,4,100,0.0,0.0,3.27,59,C,1,1,1,0,0,15.65
15.67,0.5532,0.2053,0.2019,83.9,86.49,61.22,0.0,81.59,3.9733,8,100,13.82,9.17,4.43,69,C,1,1,1,0,0,15.67
16.81,0.0,0.0,0.4387,12.52,0.0,87.48,0.0,72.72,9.8613,3,100,12.52,29.52,2.42,82,B,0,0,1,1,0,16.81
6.93,0.2806,0.0431,0.1869,61.09,100.0,44.94,0.0,80.54,2.3493,6,100,0.0,38.91,3.6,77,B,1,1,0,0,0,6.93
7.77,0.0817,0.0921,0.3895,14.08,24.0,85.92,0.0,79.32,5.1079,3,100,0.0,41.35,2.19,67,C,1,1,1,0,0,7.77
14.45,0.8188,0.0559,0.2435,87.43,100.0,37.12,37.12,93.71,4.0295,6,83.3,0.0,12.57,3.74,77,B,1,1,0,0,0,14.45
10.76,0.2183,0.0624,0.1561,54.16,100.0,45.84,0.0,83.58,3.8822,7,100,0.0,32.84,4.45,84,B,1,1,1,0,0,10.76
16.42,0.1315,0.0,0.4601,12.52,16.96,87.48,0.0,74.4,12.873,3,100,12.52,26.15,3.38,82,B,1,0,1,1,0,16.42
23.24,0.0739,0.0,0.5206,92.04,46.28,70.63,0.0,88.98,5.2981,5,0,7.04,7.96,3.6,82,B,1,0,1,0,0,23.24
13.83,0.5637,0.0,0.258,93.24,100.0,81.84,0.0,85.22,3.0974,6,100,11.4,6.76,3.22,69,C,1,0,1,0,0,13.83
4.5,0.0,0.0,0.3987,12.48,0.0,87.52,0.0,65.32,1.3344,3,100,12.48,44.41,2.89,67,C,0,0,1,0,0,4.5
8.5,0.3768,0.4455,0.1837,79.61,100.0,42.91,0.0,94.2,1.2261,10,100,0.0,11.6,3.43,80,B,1,1,0,0,0,8.5
8.43,0.0,0.1829,0.3388,27.95,0.0,72.05,0.0,83.15,7.0468,3,100,0.0,33.71,5.34,92,A,0,1,1,0,0,8.43
16.8,0.1143,0.0808,0.1663,90.65,29.62,40.9,28.51,95.32,3.5408,9,100,0.0,9.35,3.86,98,A,1,1,0,0,0,16.8
21.64,0.0757,0.1094,0.2297,90.31,43.98,41.57,0.0,95.15,0.4966,8,100,0.0,9.69,2.51,98,A,0,1,0,0,0,21.64
18.11,0.5924,0.0639,0.2561,94.62,100.0,55.71,0.0,97.31,5.1722,6,100,0.0,5.38,4.47,69,C,1,1,1,0,0,18.11
11.37,0.0949,0.1071,0.4202,16.36,22.43,83.64,0.0,86.48,10.166,3,100,0.0,27.04,3.95,82,B,1,1,1,1,0,11.37
11.14,0.0993,0.1393,0.2068,70.57,21.92,35.36,0.0,93.81,2.2196,7,100,0.0,12.38,3.14,98,A,1,1,0,0,0,11.14
16.8,0.4536,0.158,0.3213,100.0,48.06,72.32,0.0,100.0,0.0,4,100,0.0,0.0,3.41,92,A,1,1,1,0,0,16.8
16.13,0.7635,0.0751,0.3522,55.47,72.71,44.53,27.29,100.0,7.9531,3,0,0.0,0.0,3.43,67,C,1,1,1,0,0,16.13
13.77,0.504,0.1289,0.1745,87.84,60.65,48.31,8.45,85.25,1.8364,8,100,8.67,12.16,2.47,69,C,1,1,1,0,0,13.77
11.76,0.0412,0.0465,0.2315,100.0,13.0,41.25,12.64,100.0,1.9608,6,100,0.0,0.0,3.4,98,A,1,1,0,0,0,11.76
15.34,0.9729,0.0694,0.2567,100.0,100.0,31.06,22.48,100.0,0.0437,4,100,0.0,0.0,2.22,77,B,1,1,0,0,0,15.34
20.59,0.1847,0.0482,0.4968,87.11,71.71,72.82,0.0,91.73,6.4851,6,100,6.94,2.66,3.26,74,B,1,1,1,0,0,20.59
6.21,0.0,0.0296,0.2572,100.0,0.0,57.78,9.47,100.0,0.2086,5,75.0,0.0,0.0,2.66,77,B,0,1,1,0,0,6.21
6.84,0.0,0.0,0.2043,82.2,0.0,30.68,30.68,73.29,0.7613,6,100,17.81,17.8,3.8,85,B,0,0,0,0,0,6.84
17.89,0.2112,0.0784,0.3193,91.5,83.81,52.85,0.0,87.28,4.8979,7,100,8.48,8.5,3.41,84,B,1,1,1,0,0,17.89
13.95,0.4856,0.1578,0.1457,75.32,55.72,33.58,33.58,95.05,2.5677,8,100,0.0,9.89,3.13,98,A,1,1,0,0,0,13.95
9.37,0.279,0.0,0.359,79.74,100.0,39.88,0.0,89.87,1.98,3,100,0.0,20.26,3.18,82,B,1,0,1,0,0,9.37
7.56,0.0234,0.1533,0.3481,23.42,38.0,76.58,0.0,80.81,3.7683,3,100,0.0,38.37,3.56,77,B,0,1,1,0,0,7.56
9.4,0.3316,0.0902,0.1775,100.0,39.78,32.19,32.19,100.0,0.0,7,100,0.0,0.0,4.32,98,A,1,1,0,0,0,9.4
8.42,0.3659,0.0,0.2732,79.85,40.78,39.95,39.95,89.93,1.9392,5,100,0.0,20.15,2.94,98,A,1,0,0,0,0,8.42
7.97,0.2238,0.0701,0.1644,83.7,47.0,43.23,9.25,84.92,1.1804,9,91.7,9.8,10.56,1.91,85,B,1,1,0,0,0,7.97
9.96,0.0,0.0777,0.3941,14.57,0.0,85.43,0.0,81.79,6.899,3,100,0.0,36.42,2.71,82,B,0,1,1,0,0,9.96
20.47,0.7144,0.1555,0.1857,95.76,73.87,59.32,16.87,72.85,5.8457,7,100,25.03,4.24,3.88,69,C,1,1,1,0,0,20.47
11.48,0.2186,0.2412,0.1607,78.06,48.19,42.68,0.0,95.7,4.6288,7,100,0.0,8.6,4.95,98,A,1,1,0,0,0,11.48
13.8,0.1055,0.0,0.3304,71.42,12.33,48.14,48.14,90.73,2.3134,4,100,0.0,18.54,4.0,92,A,1,0,1,0,0,13.8
15.7,0.1207,0.0,0.4574,11.72,16.21,88.28,11.72,86.14,11.3353,3,0,0.0,27.72,3.12,82,B,1,0,1,1,0,15.7
9.68,0.449,0.3383,0.1002,83.9,70.4,34.46,0.0,91.95,0.9584,11,100,0.0,16.1,2.28,80,B,1,1,0,0,0,9.68
10.95,0.0,0.0922,0.6317,77.8,0.0,77.8,0.0,95.95,5.3509,3,100,0.0,8.11,4.37,82,B,0,1,1,0,0,10.95
12.1,0.5118,0.4427,0.2563,74.73,57.62,52.29,0.0,95.38,2.5707,5,100,0.0,9.24,3.63,65,C,1,1,1,0,0,12.1
10.52,0.341,0.1679,0.1596,94.71,47.08,57.86,0.0,89.34,0.3307,9,100,8.01,5.29,3.57,92,A,1,1,1,0,0,10.52
13.67,0.6545,0.2475,0.1205,82.52,100.0,41.62,5.8,84.04,3.8469,10,100,7.22,17.48,3.31,77,B,1,1,0,0,0,13.67
12.38,0.3579,0.0,0.194,61.73,100.0,38.27,26.6,84.86,0.8953,6,100,0.0,30.28,2.98,92,A,1,0,0,0,0,12.38
11.61,0.2238,0.1538,0.2313,85.31,42.66,39.91,18.27,98.11,3.2717,7,100,0.0,3.77,4.14,98,A,1,1,0,0,0,11.61
20.22,0.2901,0.0888,0.3382,89.55,100.0,62.4,0.0,85.61,6.0088,9,100,9.17,10.45,4.36,84,B,1,1,1,0,0,20.22
6.25,0.2299,0.1044,0.1684,73.4,100.0,43.9,0.0,86.7,1.5288,7,100,0.0,26.6,3.35,77,B,1,1,0,0,0,6.25
13.08,0.0,0.0,0.2434,81.02,0.0,56.16,17.57,90.51,1.7711,6,100,0.0,18.98,2.83,92,A,0,0,1,0,0,13.08
5.47,0.66,0.057,0.1415,89.24,100.0,38.3,17.23,74.69,0.4734,9,100,19.93,10.76,2.99,62,C,1,1,0,0,0,5.47
9.51,0.7959,0.0,0.2711,85.92,100.0,36.11,30.65,92.96,0.6218,5,100,0.0,14.08,3.48,77,B,1,0,0,0,0,9.51
6.58,0.3933,0.0,0.4168,56.19,100.0,56.19,0.0,78.1,2.2595,3,0,0.0,43.81,3.65,59,C,1,0,1,0,0,6.58
12.61,0.2643,0.0976,0.1965,86.07,48.4,40.25,4.56,88.21,3.4433,8,100,11.79,0.0,3.65,98,A,1,1,0,0,0,12.61
6.93,0.0,0.0849,0.4975,68.01,0.0,68.01,0.0,90.49,3.5153,4,0,0.0,19.02,3.07,67,C,0,1,1,0,0,6.93
20.33,0.4253,0.2427,0.1652,76.96,63.78,37.54,12.85,95.48,3.7396,7,100,0.0,9.04,3.23,92,A,1,1,0,0,0,20.33
14.02,0.4042,0.1254,0.1629,100.0,62.46,37.95,33.29,91.14,2.3958,7,100,8.86,0.0,4.65,92,A,1,1,0,0,0,14.02
22.96,0.0679,0.0594,0.3103,100.0,38.11,45.99,0.0,94.59,0.3236,5,100,5.41,0.0,2.63,92,A,0,1,1,0,0,22.96
30.27,0.0,0.0355,0.7731,87.61,0.0,87.61,0.0,96.52,9.0451,4,100,0.0,6.96,2.94,82,B,0,1,1,1,0,30.27
9.2,0.0,0.2226,0.4158,53.29,0.0,53.29,0.0,93.65,6.6284,3,100,0.0,12.69,3.65,82,B,0,1,1,0,0,9.2
15.54,0.1225,0.141,0.2082,94.57,38.15,37.58,0.0,97.28,1.4622,7,100,0.0,5.43,4.18,98,A,1,1,0,0,0,15.54
14.02,0.2224,0.0,0.2201,100.0,65.91,45.2,7.05,89.23,2.0937,6,100,10.77,0.0,3.9,84,B,1,0,1,0,0,14.02
10.75,0.7185,0.1612,0.1535,91.41,100.0,62.01,17.94,95.7,0.2414,7,100,0.0,8.59,4.08,69,C,1,1,1,0,0,10.75
11.48,0.0,0.1266,0.6881,80.66,0.0,80.66,0.0,100.0,3.6327,2,100,0.0,0.0,3.84,82,B,0,1,1,0,0,11.48
7.6,0.449,0.103,0.2136,89.23,100.0,45.04,0.0,71.3,0.9537,6,100,23.31,10.77,3.29,69,C,1,1,1,0,0,7.6
13.58,0.0,0.0815,0.6638,80.35,0.0,80.35,0.0,96.4,5.9479,4,100,0.0,7.2,3.2,82,B,0,1,1,0,0,13.58
7.04,0.381,0.0,0.2779,62.57,45.78,37.43,33.92,81.28,2.1646,4,100,0.0,37.43,1.75,85,B,1,0,0,0,0,7.04
13.95,0.0887,0.164,0.1631,85.12,10.93,41.98,24.03,96.78,1.1723,8,100,0.0,6.43,4.13,98,A,1,1,0,0,0,13.95
12.14,0.756,0.2282,0.1278,100.0,100.0,40.68,0.0,78.72,0.0,9,100,21.28,0.0,3.49,77,B,1,1,0,0,0,12.14
16.31,0.3035,0.092,0.1602,96.98,35.99,38.7,38.7,92.22,2.7674,10,100,6.27,3.02,3.14,98,A,1,1,0,0,0,16.31
9.83,0.7638,0.1321,0.1818,66.15,100.0,33.85,26.9,94.28,3.7046,7,100,0.0,11.43,3.89,77,B,1,1,0,0,0,9.83
12.19,0.4726,0.0,0.2214,67.85,100.0,36.85,36.85,83.92,3.4187,6,100,0.0,32.15,3.61,92,A,1,0,0,0,0,12.19
12.75,0.0935,0.1056,0.4024,16.13,23.32,83.87,0.0,84.58,9.2712,3,100,0.0,30.84,4.47,82,B,1,1,1,1,0,12.75
12.03,0.0,0.0,0.3185,71.89,0.0,45.86,26.03,85.94,2.1969,4,100,0.0,28.11,3.38,92,A,0,0,1,0,0,12.03
21.84,0.0,0.0702,0.8085,89.27,0.0,89.27,0.0,100.0,9.2555,2,100,0.0,0.0,4.9,82,B,0,1,1,1,0,21.84
34.43,0.0,0.0,0.739,100.0,0.0,95.93,0.0,94.33,8.0626,4,100,5.67,0.0,2.99,82,B,0,0,1,1,0,34.43
9.7,0.5329,0.1018,0.233,94.82,59.78,40.84,40.84,86.72,2.8176,7,100,10.69,5.18,3.04,85,B,1,1,0,0,0,9.7
12.01,0.2228,0.0,0.3581,21.63,33.08,78.37,21.63,82.7,5.4666,3,100,0.0,34.6,2.86,82,B,1,0,1,0,0,12.01
10.84,0.0,0.1287,0.5598,71.67,0.0,71.67,0.0,95.67,1.5461,3,100,0.0,8.67,1.89,82,B,0,1,1,0,0,10.84
11.87,0.3043,0.0,0.3363,28.98,45.55,71.02,0.0,52.83,3.1201,3,100,28.98,36.38,2.98,92,A,1,0,1,0,0,11.87
13.43,0.5982,0.09,0.1435,61.03,100.0,38.97,16.3,78.57,3.3661,8,100,10.38,22.1,3.0,77,B,1,1,0,0,0,13.43
25.97,0.5433,0.1655,0.2011,84.0,100.0,37.53,22.65,100.0,4.2794,6,100,0.0,0.0,3.13,77,B,1,1,0,0,0,25.97
11.26,0.1143,0.129,0.3612,19.71,33.18,80.29,0.0,79.71,3.9555,3,100,0.0,40.59,2.47,82,B,1,1,1,0,0,11.26
18.21,0.138,0.146,0.3629,85.36,42.75,68.29,0.0,96.47,6.2629,8,100,0.0,7.05,3.46,82,B,1,1,1,0,0,18.21
8.75,0.3623,0.2133,0.3335,34.51,51.43,65.49,0.0,83.55,2.6724,3,100,0.0,32.91,2.88,92,A,1,1,1,0,0,8.75
14.96,0.1435,0.2928,0.1752,83.01,54.74,44.34,0.0,91.5,3.0056,9,100,0.0,16.99,3.66,98,A,1,1,0,0,0,14.96
14.04,0.0,0.1,0.583,74.05,0.0,74.05,0.0,94.66,1.7029,3,100,0.0,10.67,4.09,82,B,0,1,1,0,0,14.04
9.78,0.0,0.0,0.3628,20.39,0.0,79.61,0.0,82.42,5.0093,3,100,0.0,35.16,3.06,82,B,0,0,1,0,0,9.78
14.96,0.0,0.2435,0.4061,50.18,0.0,50.18,0.0,93.69,8.2959,3,0,0.0,12.62,2.36,82,B,0,1,1,1,0,14.96
13.67,0.4432,0.1,0.2854,59.17,100.0,59.17,0.0,79.58,0.9983,4,100,0.0,40.83,2.17,84,B,1,1,1,0,0,13.67
5.0,0.1462,0.0477,0.1725,82.76,48.06,30.67,6.28,91.38,2.032,8,100,0.0,17.24,3.86,85,B,1,1,0,0,0,5.0
28.72,0.0,0.0,0.5776,95.56,0.0,74.37,10.25,100.0,1.2138,4,100,0.0,0.0,1.8,82,B,0,0,1,0,0,28.72
8.09,0.6087,0.0522,0.2031,89.61,100.0,30.88,0.0,63.93,2.0552,6,100,30.88,10.39,3.38,77,B,1,1,0,0,0,8.09
8.65,0.0,0.131,0.4324,60.84,0.0,60.84,0.0,90.43,3.5009,4,100,0.0,19.14,3.51,82,B,0,1,1,0,0,8.65
14.44,0.6593,0.0,0.208,95.45,100.0,40.96,33.87,97.72,1.8528,7,100,0.0,4.55,4.36,77,B,1,0,0,0,0,14.44
14.42,0.5661,0.1288,0.227,94.45,55.21,54.28,19.38,100.0,2.2841,7,100,0.0,0.0,3.73,77,B,1,1,1,0,0,14.42
12.62,0.031,0.0,0.2157,81.07,100.0,50.04,0.0,90.53,1.3205,5,100,0.0,18.93,2.8,84,B,0,0,1,0,0,12.62
12.56,0.6132,0.1141,0.2751,85.66,100.0,64.22,0.0,92.83,3.2716,7,100,0.0,14.34,3.98,69,C,1,1,1,0,0,12.56
0.19,0.3179,0.2415,0.2104,100.0,54.65,50.7,0.0,100.0,0.0,6,100,0.0,0.0,2.07,77,B,1,1,1,0,0,0.19
12.62,0.1053,0.0344,0.3316,79.8,49.48,53.38,0.0,89.9,4.2818,6,100,0.0,20.2,3.16,92,A,1,1,1,0,0,12.62
5.09,0.0,0.0916,0.3553,21.26,0.0,78.74,0.0,80.06,1.6492,3,0,0.0,39.89,2.52,67,C,0,1,1,0,0,5.09
8.01,0.0854,0.0964,0.396,14.72,22.77,85.28,0.0,82.33,7.0273,3,100,0.0,35.33,3.04,82,B,1,1,1,0,0,8.01
17.41,0.6997,0.2435,0.1315,95.76,100.0,48.83,0.0,84.21,0.2407,9,100,13.67,4.24,4.08,69,C,1,1,1,0,0,17.41
16.09,0.0,0.0583,0.6725,81.17,0.0,81.17,0.0,95.04,4.3961,4,100,0.0,9.92,3.28,82,B,0,1,1,0,0,16.09
10.56,0.8802,0.0755,0.2224,82.48,100.0,34.99,0.0,100.0,2.898,6,100,0.0,0.0,3.71,77,B,1,1,0,0,0,10.56
7.41,0.0,0.104,0.448,63.34,0.0,63.34,0.0,89.62,4.2307,4,100,0.0,20.77,3.52,67,C,0,1,1,0,0,7.41
9.93,0.0,0.1701,0.3421,25.99,0.0,74.01,0.0,82.39,3.0007,3,100,0.0,35.22,2.54,92,A,0,1,1,0,0,9.93
12.31,0.4595,0.0902,0.1473,89.71,53.01,24.6,24.6,94.85,2.2792,10,100,0.0,10.29,3.72,98,A,1,1,0,0,0,12.31
7.17,0.1931,0.2042,0.1938,92.99,29.22,52.04,0.0,91.2,0.184,8,100,8.8,0.0,2.74,77,B,1,1,1,0,0,7.17
21.71,0.6545,0.0512,0.3075,89.33,100.0,54.92,0.0,94.66,6.5192,7,100,0.0,10.67,3.61,69,C,1,1,1,0,0,21.71
5.41,0.6481,0.0789,0.2523,100.0,100.0,61.0,0.0,100.0,0.0466,5,100,0.0,0.0,2.6,54,D,1,1,1,0,0,5.41
10.95,0.2069,0.0194,0.1622,80.06,38.52,48.47,7.2,77.61,3.7598,9,100,16.06,12.66,3.43,92,A,1,1,1,0,0,10.95
12.71,0.3297,0.0976,0.2064,74.87,78.7,43.84,5.06,86.55,4.706,10,100,6.39,14.11,3.94,92,A,1,1,0,0,0,12.71
13.12,0.2014,0.0,0.1806,63.96,100.0,36.04,0.0,81.98,2.3829,6,0,0.0,36.04,2.48,92,A,1,0,0,0,0,13.12
19.72,0.4194,0.0475,0.173,78.11,44.98,31.53,15.56,92.62,7.3163,9,100,2.87,9.02,4.0,98,A,1,1,0,0,0,19.72
17.92,0.3763,0.1733,0.3097,100.0,100.0,63.25,0.0,100.0,5.3896,4,0,0.0,0.0,5.95,84,B,1,1,1,0,0,17.92
5.79,0.2155,0.0868,0.3594,20.14,33.58,79.86,0.0,79.99,2.519,3,100,0.0,40.02,3.61,67,C,1,1,1,0,0,5.79
18.43,0.2815,0.0,0.2223,91.14,43.98,39.32,39.32,89.02,3.4177,7,100,6.55,8.86,3.38,98,A,1,0,0,0,0,18.43
11.7,0.9195,0.1567,0.392,70.62,100.0,52.1,0.0,100.0,2.1182,3,0,0.0,0.0,2.82,59,C,1,1,1,0,0,11.7
9.7,0.0,0.0288,0.4153,10.82,0.0,89.18,0.0,80.42,5.3751,3,100,0.0,39.15,1.83,82,B,0,1,1,0,0,9.7
10.23,0.2574,0.0,0.2158,84.09,100.0,57.42,0.0,70.99,1.6646,7,100,21.05,15.91,2.94,84,B,1,0,1,0,0,10.23
21.88,0.9094,0.0698,0.2513,85.41,100.0,51.7,33.71,86.96,0.6588,7,100,7.99,10.09,4.81,69,C,1,1,1,0,0,21.88
9.55,0.0989,0.0,0.4655,7.43,11.22,92.57,0.0,83.14,8.7103,3,100,0.0,33.73,2.48,82,B,1,0,1,1,0,9.55
9.34,0.0,0.1014,0.5143,69.17,0.0,69.17,0.0,92.33,3.8355,4,100,0.0,15.35,3.24,82,B,0,1,1,0,0,9.34
23.08,0.0,0.0513,0.8171,90.03,0.0,90.03,0.0,98.93,8.7659,3,100,0.0,2.14,3.93,82,B,0,1,1,1,0,23.08
12.13,0.2514,0.0727,0.3367,100.0,56.85,60.09,7.38,100.0,0.8541,7,100,0.0,0.0,3.15,92,A,1,1,1,0,0,12.13
14.65,0.3073,0.217,0.1587,83.69,37.3,41.92,21.54,91.84,4.8901,9,100,0.0,16.31,4.19,98,A,1,1,0,0,0,14.65
25.63,0.822,0.0404,0.4826,100.0,100.0,94.63,0.0,33.2,7.0174,6,0,66.8,0.0,3.77,53,D,1,1,1,0,1,25.63
15.23,0.0,0.0888,0.7656,86.44,0.0,86.44,0.0,100.0,7.4618,2,100,0.0,0.0,5.5,82,B,0,1,1,0,0,15.23
12.86,0.7816,0.194,0.147,80.85,91.28,39.83,23.05,95.62,0.5793,8,100,0.0,8.77,3.46,77,B,1,1,0,0,0,12.86
17.29,0.1324,0.1119,0.2692,80.7,100.0,33.21,0.0,90.35,4.6557,4,100,0.0,19.3,4.93,92,A,1,1,0,0,0,17.29
8.97,0.2564,0.4912,0.2107,81.93,78.87,60.98,0.0,90.97,1.5822,5,100,0.0,18.07,2.77,72,B,1,1,1,0,0,8.97
10.38,0.1155,0.088,0.4313,0.0,16.6,100.0,0.0,83.13,9.1928,3,100,0.0,33.74,2.92,82,B,1,1,1,1,0,10.38
16.89,0.705,0.0,0.211,100.0,100.0,30.79,30.79,76.09,1.6688,6,100,23.91,0.0,2.89,77,B,1,0,0,0,0,16.89
12.32,0.1349,0.0343,0.3092,66.08,35.67,60.84,0.0,94.63,3.4404,6,100,0.0,10.74,3.34,92,A,1,1,1,0,0,12.32
14.39,0.5604,0.4681,0.215,65.19,100.0,62.7,0.0,92.92,5.2531,6,100,0.0,14.16,3.35,57,C,1,1,1,0,0,14.39
12.35,0.3605,0.1101,0.1786,65.12,100.0,39.94,0.0,82.56,1.5144,6,100,0.0,34.88,1.96,92,A,1,1,0,0,0,12.35
8.32,0.8709,0.3197,0.5003,100.0,100.0,100.0,0.0,100.0,1.0355,2,75.0,0.0,0.0,1.53,47,D,1,1,1,0,0,8.32
13.75,1.0635,0.0,0.56,100.0,100.0,100.0,0.0,67.32,4.0077,2,100,32.68,0.0,3.71,59,C,1,0,1,0,0,13.75
9.39,0.7537,0.0,0.3009,88.72,100.0,71.78,0.0,55.44,0.2124,4,100,38.92,11.28,1.88,69,C,1,0,1,0,0,9.39
13.63,0.5305,0.1289,0.1685,88.11,73.97,36.2,0.0,94.06,3.2878,8,100,0.0,11.89,3.53,77,B,1,1,0,0,0,13.63
5.77,0.4766,0.1602,0.1693,82.26,100.0,40.0,0.0,91.13,1.3114,7,100,0.0,17.74,3.37,77,B,1,1,0,0,0,5.77
10.01,0.0143,0.0938,0.3877,14.32,25.45,85.68,0.0,78.14,2.7941,3,0,0.0,43.72,2.01,82,B,0,1,1,0,0,10.01
3.36,0.3335,0.0398,0.2235,58.67,68.03,41.33,0.0,79.33,0.8965,5,100,0.0,41.33,1.86,77,B,1,1,0,0,0,3.36
14.33,0.6707,0.0402,0.1828,87.27,100.0,52.78,0.0,61.51,0.9977,7,100,32.12,12.73,3.1,69,C,1,1,1,0,0,14.33
12.45,0.5952,0.0,0.2597,57.18,100.0,42.82,26.14,78.59,2.6375,4,0,0.0,42.82,2.63,77,B,1,0,0,0,0,12.45
11.28,0.1272,0.0868,0.1774,74.86,24.17,35.89,5.77,85.21,2.6514,10,100,7.45,14.68,3.52,98,A,1,1,0,0,0,11.28
10.83,0.1652,0.0665,0.3847,15.44,24.97,84.56,0.0,80.92,6.9733,3,100,0.0,38.16,2.99,82,B,1,1,1,0,0,10.83
8.43,0.2225,0.0896,0.357,20.8,33.98,79.2,0.0,80.6,2.9493,3,100,0.0,38.8,3.38,82,B,1,1,1,0,0,8.43
9.0,0.3045,0.221,0.3532,86.92,100.0,46.68,0.0,93.46,0.9684,4,100,0.0,13.08,3.91,74,B,1,1,1,0,0,9.0
11.14,0.1671,0.0849,0.2088,76.72,42.65,55.11,14.19,60.63,3.3567,7,100,34.21,10.31,4.51,92,A,1,1,1,0,0,11.14
17.26,0.0,0.0982,0.5447,70.87,0.0,70.87,0.0,92.94,0.8509,3,100,0.0,14.12,1.31,82,B,0,1,1,0,0,17.26
8.48,0.2469,0.2183,0.1297,80.76,44.88,38.81,13.69,88.05,1.3628,10,100,6.07,11.75,2.37,98,A,1,1,0,0,0,8.48
22.43,0.0,0.0488,0.817,90.04,0.0,90.04,0.0,98.75,8.5096,3,100,0.0,2.5,3.0,82,B,0,1,1,1,0,22.43
11.08,0.5364,0.1371,0.2252,94.35,100.0,48.14,0.0,87.79,1.8271,7,100,9.39,5.65,3.19,69,C,1,1,1,0,0,11.08
11.54,0.0,0.1126,0.5421,70.54,0.0,70.54,0.0,93.87,1.5265,3,0,0.0,12.27,1.78,82,B,0,1,1,0,0,11.54
22.93,0.4484,0.1638,0.1957,87.12,86.74,45.03,0.0,77.45,4.7712,9,100,19.69,5.73,3.65,84,B,1,1,1,0,0,22.93
20.78,0.3297,0.1836,0.3234,94.41,86.17,62.28,0.0,100.0,3.956,7,100,0.0,0.0,2.57,84,B,1,1,1,0,0,20.78
6.07,0.12,0.0914,0.3741,17.14,30.7,82.86,0.0,77.92,1.4378,3,100,0.0,44.16,2.35,67,C,1,1,1,0,0,6.07
9.82,0.1214,0.122,0.1557,85.26,23.27,41.43,0.0,81.06,1.0695,9,100,11.57,14.74,3.05,98,A,1,1,0,0,0,9.82
16.92,0.0,0.1176,0.5662,72.71,0.0,72.71,0.0,95.33,9.294,4,100,0.0,9.33,4.81,82,B,0,1,1,1,0,16.92
13.75,0.0631,0.0393,0.2271,51.66,17.15,48.34,0.0,90.35,8.5042,6,100,0.0,19.3,3.91,92,A,1,1,1,1,0,13.75
10.09,0.7126,0.6866,0.1525,71.52,100.0,36.43,21.93,93.08,2.3902,7,100,0.0,13.84,3.21,65,C,1,1,0,0,0,10.09
20.7,0.5156,0.1379,0.3127,92.97,100.0,81.97,0.0,96.49,2.677,7,100,0.0,7.03,2.39,69,C,1,1,1,0,0,20.7
6.43,0.2396,0.1494,0.3501,22.82,37.81,77.18,0.0,80.18,4.6582,3,0,0.0,39.64,4.25,67,C,1,1,1,0,0,6.43
10.51,0.265,0.0673,0.3432,25.24,39.88,74.76,0.0,81.64,5.6989,3,100,0.0,36.71,3.96,92,A,1,1,1,0,0,10.51
9.66,0.0,0.11,0.4498,63.3,0.0,63.3,0.0,90.05,1.2389,4,100,0.0,19.89,1.46,82,B,0,1,1,0,0,9.66
7.51,0.1749,0.1224,0.1499,91.26,37.12,37.12,0.0,82.08,1.0564,9,100,13.55,8.74,3.11,85,B,1,1,0,0,0,7.51
12.79,0.3492,0.2015,0.1436,65.69,41.98,34.31,19.8,91.97,3.5822,8,100,0.0,16.06,4.19,98,A,1,1,0,0,0,12.79
7.91,0.4582,0.1088,0.1875,67.23,100.0,36.49,8.72,93.82,3.3321,6,100,0.0,12.37,3.7,77,B,1,1,0,0,0,7.91
3.87,0.0,0.0,0.3809,15.86,0.0,84.14,0.0,61.64,2.1232,3,100,15.86,45.0,3.75,67,C,0,0,1,0,0,3.87
6.82,0.1698,0.0683,0.3791,15.87,27.44,84.13,0.0,78.91,4.9866,3,100,0.0,42.18,4.31,67,C,1,1,1,0,0,6.82
13.52,0.6154,0.0,0.3047,84.9,100.0,54.74,0.0,43.0,0.7318,6,100,49.45,15.1,3.66,69,C,1,0,1,0,0,13.52
12.3,0.5108,0.1543,0.1129,87.0,76.03,27.46,12.41,81.22,0.7276,10,100,12.28,13.0,2.98,77,B,1,1,0,0,0,12.3
20.3,0.2421,0.0525,0.2514,100.0,100.0,37.94,0.0,100.0,2.9621,5,100,0.0,0.0,2.56,92,A,1,1,0,0,0,20.3
9.22,0.0,0.0,0.3604,20.98,0.0,79.02,0.0,56.97,3.7442,3,100,20.98,44.1,4.28,82,B,0,0,1,0,0,9.22
11.5,0.6107,0.0,0.1644,100.0,78.24,39.38,19.5,85.39,0.7835,7,100,14.61,0.0,2.21,77,B,1,0,0,0,0,11.5
5.07,0.55,0.1512,0.1241,73.6,78.22,30.29,14.37,93.26,1.2754,9,100,0.0,13.48,2.66,62,C,1,1,0,0,0,5.07
20.53,0.0,0.0496,0.3315,90.69,0.0,83.93,6.77,83.54,3.9694,6,100,16.46,0.0,3.81,92,A,0,1,1,0,0,20.53
5.21,0.6911,0.1259,0.3473,100.0,100.0,59.8,0.0,100.0,0.1589,4,100,0.0,0.0,2.25,54,D,1,1,1,0,0,5.21
9.85,0.4169,0.156,0.2546,74.75,100.0,44.62,0.0,66.59,0.5925,4,0,20.79,25.25,1.48,92,A,1,1,0,0,0,9.85
9.87,0.0127,0.0,0.2473,83.95,62.31,46.49,0.0,91.98,1.88,6,100,0.0,16.05,4.13,84,B,0,0,1,0,0,9.87
6.96,0.0,0.2227,0.4063,52.07,0.0,52.07,0.0,93.05,6.6107,3,100,0.0,13.9,4.98,67,C,0,1,1,0,0,6.96
19.32,0.3331,0.1965,0.2526,69.08,100.0,42.54,0.0,87.85,5.3692,6,100,0.0,24.3,3.52,92,A,1,1,0,0,0,19.32
14.04,0.0536,0.0658,0.172,79.94,7.47,32.16,32.16,89.97,3.741,9,100,0.0,20.06,3.42,98,A,1,1,0,0,0,14.04
7.1,0.0,0.1133,0.4134,59.53,0.0,59.53,0.0,88.42,1.7582,4,100,0.0,23.16,2.16,67,C,0,1,1,0,0,7.1
17.47,0.599,0.0283,0.2395,90.37,88.26,32.49,20.76,95.18,4.3197,5,100,0.0,9.63,3.82,77,B,1,1,0,0,0,17.47
15.51,0.2953,0.0,0.2723,100.0,35.36,40.58,40.58,100.0,3.058,5,100,0.0,0.0,3.6,98,A,1,0,0,0,0,15.51
11.67,0.5699,0.1926,0.2141,100.0,54.15,52.31,52.31,100.0,1.5624,6,100,0.0,0.0,2.09,77,B,1,1,1,0,0,11.67
3.86,0.411,0.0,0.5448,70.87,100.0,70.87,0.0,85.43,0.503,3,100,0.0,29.13,2.42,59,C,1,0,1,0,0,3.86
11.53,0.4602,0.0904,0.1571,75.36,100.0,63.03,0.0,69.34,1.075,8,100,18.34,24.64,1.7,84,B,1,1,1,0,0,11.53
11.77,0.3422,0.1573,0.1797,86.13,100.0,45.5,0.0,93.07,1.7637,7,100,0.0,13.87,2.83,84,B,1,1,1,0,0,11.77
11.46,0.0,0.0903,0.5959,75.14,0.0,75.14,0.0,94.47,3.9702,3,100,0.0,11.06,2.25,82,B,0,1,1,0,0,11.46
13.93,0.0,0.0761,0.7945,88.37,0.0,88.37,0.0,100.0,5.1009,2,100,0.0,0.0,5.64,82,B,0,1,1,0,0,13.93
11.38,0.4871,0.2394,0.0973,84.66,80.13,33.7,11.91,92.33,0.7585,11,100,0.0,15.34,2.59,92,A,1,1,0,0,0,11.38
6.63,0.3659,0.0257,0.274,100.0,72.75,58.42,10.16,100.0,0.8337,6,100,0.0,0.0,3.57,69,C,1,1,1,0,0,6.63
25.66,0.1761,0.0428,0.3656,90.1,50.98,59.85,0.0,95.05,6.5988,8,100,0.0,9.9,3.09,82,B,1,1,1,0,0,25.66
12.25,0.1749,0.1854,0.1778,100.0,27.91,42.46,42.46,100.0,0.0,8,100,0.0,0.0,4.24,98,A,1,1,0,0,0,12.25
13.56,0.196,0.0,0.2299,77.91,26.18,37.34,19.03,88.96,3.1488,6,100,0.0,22.09,3.86,98,A,1,0,0,0,0,13.56
13.13,0.822,0.1273,0.2942,94.24,80.69,57.38,36.86,97.12,3.1743,5,100,0.0,5.76,4.5,69,C,1,1,1,0,0,13.13
4.73,0.0,0.1893,0.4403,58.35,0.0,58.35,0.0,93.63,4.3334,3,100,0.0,12.73,2.69,67,C,0,1,1,0,0,4.73
6.25,0.0149,0.0977,0.3841,14.93,26.05,85.07,0.0,78.65,5.7115,3,100,0.0,42.69,3.88,67,C,0,1,1,0,0,6.25
14.6,0.5162,0.1595,0.1388,95.6,60.86,36.94,36.94,88.62,2.496,9,100,9.19,4.4,3.96,77,B,1,1,0,0,0,14.6
20.75,0.293,0.0551,0.2235,100.0,43.7,43.28,0.0,86.89,1.4196,6,100,13.11,0.0,2.59,98,A,1,1,0,0,0,20.75
1.38,0.3945,0.0,0.3639,76.78,38.64,47.11,47.11,88.39,0.4326,3,100,0.0,23.22,3.64,67,C,1,0,1,0,0,1.38
11.95,1.0011,0.2283,0.2183,80.97,87.68,38.1,14.92,100.0,1.8956,5,100,0.0,0.0,3.09,77,B,1,1,0,0,0,11.95
13.44,0.602,0.0,0.1874,81.65,74.32,45.58,13.14,85.14,4.1581,8,100,5.68,18.35,3.2,69,C,1,0,1,0,0,13.44
17.65,0.3195,0.1055,0.1977,84.21,58.42,62.55,0.0,95.83,4.3053,7,100,0.0,8.34,4.27,92,A,1,1,1,0,0,17.65
22.62,0.136,0.1312,0.2501,100.0,38.57,41.68,9.02,100.0,1.81,6,100,0.0,0.0,2.87,98,A,1,1,0,0,0,22.62
13.39,0.0907,0.0188,0.313,85.87,100.0,49.41,0.0,92.93,1.1332,5,75.0,0.0,14.13,2.31,84,B,1,1,1,0,0,13.39
11.53,0.6358,0.0482,0.1807,91.03,100.0,36.36,32.75,80.48,2.3797,8,100,15.04,8.97,3.53,77,B,1,1,0,0,0,11.53
9.02,0.1195,0.0491,0.2598,100.0,100.0,67.51,0.0,100.0,0.0,5,100,0.0,0.0,3.53,84,B,1,1,1,0,0,9.02
9.81,0.4927,0.1191,0.1568,77.16,100.0,35.84,0.0,88.58,1.0655,7,100,0.0,22.84,2.95,92,A,1,1,0,0,0,9.81
13.78,0.1186,0.0904,0.3888,16.95,25.23,83.05,0.0,83.59,6.427,3,100,0.0,32.81,3.21,82,B,1,1,1,0,0,13.78
11.5,0.6889,0.0874,0.2685,100.0,71.82,30.53,28.18,100.0,1.8589,4,100,0.0,0.0,3.89,77,B,1,1,0,0,0,11.5
11.69,0.8741,0.406,0.1709,100.0,100.0,37.76,0.0,100.0,1.6317,7,100,0.0,0.0,3.86,65,C,1,1,0,0,0,11.69
6.02,0.2255,0.208,0.1262,79.38,79.62,34.61,0.0,89.69,1.5272,9,100,0.0,20.62,2.94,77,B,1,1,0,0,0,6.02
5.59,0.3156,0.1544,0.3083,90.96,100.0,75.81,0.0,95.48,0.524,5,100,0.0,9.04,3.68,69,C,1,1,1,0,0,5.59
14.18,0.4413,0.0,0.2919,76.83,100.0,54.12,0.0,88.42,1.2979,4,0,0.0,23.17,3.56,84,B,1,0,1,0,0,14.18
12.97,0.4571,0.0928,0.1388,94.0,63.19,42.71,19.19,97.0,1.2821,9,100,0.0,6.0,3.23,92,A,1,1,0,0,0,12.97
8.81,0.0,0.1139,0.5105,67.67,0.0,67.67,0.0,92.53,1.9814,3,0,0.0,14.94,2.13,82,B,0,1,1,0,0,8.81
13.38,0.4096,0.2377,0.189,100.0,100.0,38.37,0.0,100.0,1.2581,6,100,0.0,0.0,3.09,92,A,1,1,0,0,0,13.38
15.24,0.5802,0.3457,0.15,76.47,82.85,46.68,6.02,88.06,4.9388,9,100,11.94,0.0,4.61,57,C,1,1,1,0,0,15.24
4.68,0.0,0.1149,0.5212,68.65,0.0,68.65,0.0,93.1,2.2482,3,0,0.0,13.8,3.35,67,C,0,1,1,0,0,4.68
14.03,0.6612,0.0,0.3183,73.8,100.0,62.97,0.0,74.47,4.0556,5,100,12.43,26.2,2.53,69,C,1,0,1,0,0,14.03
7.46,0.0,0.1282,0.6849,80.41,0.0,80.41,0.0,100.0,3.6157,2,0,0.0,0.0,4.6,67,C,0,1,1,0,0,7.46
13.54,0.8624,0.5916,0.1907,72.77,100.0,32.5,0.0,100.0,4.2749,6,100,0.0,0.0,3.61,65,C,1,1,0,0,0,13.54
17.63,0.8887,0.2712,0.3329,47.94,86.99,52.06,13.01,100.0,12.5433,5,100,0.0,0.0,3.81,69,C,1,1,1,1,0,17.63
23.93,0.2567,0.1026,0.1525,93.39,62.53,40.25,0.0,89.27,4.3735,10,100,7.42,6.61,4.16,92,A,1,1,0,0,0,23.93
10.72,0.0,0.0738,0.4135,11.28,0.0,88.72,0.0,80.83,7.7821,3,100,0.0,38.35,2.88,82,B,0,1,1,0,0,10.72
7.64,0.1764,0.0346,0.2631,100.0,100.0,60.41,0.0,100.0,0.0,5,100,0.0,0.0,2.95,69,C,1,1,1,0,0,7.64
16.02,0.745,0.3403,0.3423,100.0,100.0,39.99,0.0,100.0,0.7719,3,100,0.0,0.0,3.27,65,C,1,1,0,0,0,16.02
12.85,0.2424,0.1847,0.359,0.0,33.66,100.0,0.0,84.29,11.0758,3,0,0.0,31.41,4.13,82,B,1,1,1,1,0,12.85
8.4,0.0,0.0502,0.4045,11.65,0.0,88.35,0.0,78.78,3.4573,3,100,0.0,42.44,1.33,82,B,0,1,1,0,0,8.4
10.78,0.723,0.2133,0.1931,100.0,81.31,30.0,29.33,100.0,1.7844,6,100,0.0,0.0,5.06,77,B,1,1,0,0,0,10.78
11.15,0.0,0.1163,0.4997,66.61,0.0,66.61,0.0,92.19,2.4391,3,100,0.0,15.62,2.07,82,B,0,1,1,0,0,11.15
13.0,0.7852,0.1757,0.1636,81.77,79.52,36.3,22.22,72.42,1.2288,7,100,22.66,9.85,4.08,77,B,1,1,0,0,0,13.0
3.74,0.248,0.0,0.2327,71.21,100.0,37.0,0.0,85.61,1.4982,5,100,0.0,28.79,2.94,77,B,1,0,0,0,0,3.74
18.38,0.0,0.0,0.4643,10.78,0.0,89.22,0.0,85.96,13.2468,3,100,0.0,28.08,4.22,82,B,0,0,1,1,0,18.38
8.91,0.3949,0.3516,0.1658,100.0,67.19,48.3,0.0,84.26,2.4565,7,100,15.74,0.0,3.75,72,B,1,1,1,0,0,8.91
10.01,0.5065,0.0423,0.2227,60.58,100.0,39.42,0.0,80.29,1.756,5,0,0.0,39.42,3.42,77,B,1,1,0,0,0,10.01
9.18,0.0,0.1577,0.4197,58.91,0.0,58.91,0.0,91.5,4.2585,4,83.3,0.0,17.0,2.93,82,B,0,1,1,0,0,9.18
10.83,0.8227,0.0439,0.2683,83.22,100.0,62.61,0.0,50.64,3.4735,5,100,40.98,16.78,3.08,69,C,1,1,1,0,0,10.83
14.19,0.0,0.2999,0.5035,54.18,0.0,54.18,0.0,100.0,9.8922,2,100,0.0,0.0,3.89,82,B,0,1,1,1,0,14.19
11.02,0.541,0.1492,0.2241,100.0,100.0,87.74,0.0,81.48,1.8202,6,100,18.52,0.0,4.54,69,C,1,1,1,0,0,11.02
15.67,0.6014,0.5719,0.2133,79.69,54.08,67.72,0.0,100.0,1.0962,5,100,0.0,0.0,3.11,65,C,1,1,1,0,0,15.67
10.8,0.3532,0.2723,0.3247,84.19,100.0,84.19,0.0,92.09,2.0422,4,100,0.0,15.81,3.35,84,B,1,1,1,0,0,10.8
13.02,0.7515,0.1711,0.34,100.0,100.0,60.37,0.0,71.71,2.7893,3,100,28.29,0.0,4.85,69,C,1,1,1,0,0,13.02
21.28,0.2024,0.2641,0.1537,84.85,44.45,33.7,17.11,94.09,4.715,9,100,0.0,11.82,3.95,98,A,1,1,0,0,0,21.28
9.48,0.3988,0.1534,0.1903,52.66,100.0,47.34,0.0,88.85,1.9249,6,0,0.0,22.3,2.33,84,B,1,1,1,0,0,9.48
15.81,0.4957,0.1768,0.1144,70.61,72.24,29.39,10.42,93.29,4.9205,10,100,0.0,13.42,3.35,92,A,1,1,0,0,0,15.81
15.77,0.4754,0.1171,0.1909,57.2,74.54,42.8,6.12,94.17,8.4553,9,100,0.0,11.66,2.71,92,A,1,1,0,1,0,15.77
7.17,0.0,0.1139,0.4767,65.72,0.0,65.72,0.0,91.56,1.7155,4,100,0.0,16.88,2.5,67,C,0,1,1,0,0,7.17
20.09,0.1305,0.0,0.4637,12.43,16.75,87.57,0.0,74.68,13.8782,3,100,12.43,25.79,3.32,82,B,1,0,1,1,0,20.09
16.05,0.0,0.0839,0.6579,79.74,0.0,79.74,0.0,96.28,6.3206,3,100,0.0,7.44,3.31,82,B,0,1,1,0,0,16.05
16.61,0.694,0.1562,0.1774,88.43,73.67,42.44,19.58,94.22,2.4239,6,0,0.0,11.57,3.44,77,B,1,1,0,0,0,16.61
15.47,0.4606,0.0107,0.2564,88.66,57.79,44.72,44.72,94.33,5.3873,9,100,0.0,11.34,3.34,98,A,1,1,0,0,0,15.47
7.18,0.0,0.1612,0.6288,75.38,0.0,75.38,0.0,100.0,1.7886,2,100,0.0,0.0,2.67,67,C,0,1,1,0,0,7.18
15.27,0.2495,0.0,0.4312,94.13,100.0,66.75,17.53,97.06,5.787,6,100,0.0,5.87,4.02,74,B,1,0,1,0,0,15.27
18.63,0.0,0.0847,0.4044,12.94,0.0,87.06,0.0,81.53,8.8821,3,100,0.0,36.95,2.65,82,B,0,1,1,1,0,18.63
12.02,0.1459,0.1211,0.2594,67.62,100.0,38.59,0.0,83.81,2.8942,5,100,0.0,32.38,2.66,92,A,1,1,0,0,0,12.02
7.99,0.0,0.0,0.3963,12.91,0.0,87.09,0.0,77.53,4.1832,3,100,0.0,44.94,1.79,67,C,0,0,1,0,0,7.99
14.0,0.9329,0.073,0.2751,76.04,100.0,49.9,26.14,88.02,4.3003,5,100,0.0,23.96,3.68,69,C,1,1,1,0,0,14.0
8.65,0.0719,0.0812,0.4091,12.4,19.6,87.6,0.0,81.64,6.8041,3,0,0.0,36.72,3.72,82,B,1,1,1,0,0,8.65
13.88,0.3326,0.0,0.2697,94.06,57.36,36.28,30.52,97.03,0.4346,5,100,0.0,5.94,2.31,98,A,1,0,0,0,0,13.88
14.51,0.233,0.0886,0.3415,72.02,100.0,67.79,0.0,90.8,4.888,7,100,0.0,18.4,3.38,84,B,1,1,1,0,0,14.51
18.82,0.0765,0.0,0.4736,100.0,56.49,80.64,0.0,100.0,1.0941,4,0,0.0,0.0,1.91,82,B,1,0,1,0,0,18.82
15.45,0.2832,0.0,0.1654,71.53,100.0,28.47,17.51,90.66,3.0139,7,100,0.0,18.68,3.41,92,A,1,0,0,0,0,15.45
16.54,0.5233,0.0912,0.2038,92.19,65.35,36.71,36.71,96.1,3.2953,8,100,0.0,7.81,2.99,77,B,1,1,0,0,0,16.54
6.25,0.0,0.0,0.3789,16.05,0.0,83.95,0.0,63.95,4.9358,3,100,16.05,40.0,4.77,67,C,0,0,1,0,0,6.25
2.92,0.0,0.0653,0.4022,12.24,0.0,87.76,0.0,76.43,1.8731,3,100,0.0,47.14,2.22,67,C,0,1,1,0,0,2.92
15.13,0.0812,0.2506,0.1277,75.81,21.73,24.19,14.03,94.52,5.7894,11,100,0.0,10.95,3.05,98,A,1,1,0,0,0,15.13
21.3,0.8093,0.0438,0.4821,89.83,79.41,85.32,0.0,80.34,5.0191,4,100,19.66,0.0,3.67,59,C,1,1,1,0,0,21.3
10.55,0.3216,0.0818,0.196,78.78,51.54,33.08,27.95,89.39,1.8328,6,100,0.0,21.22,4.51,98,A,1,1,0,0,0,10.55
10.14,0.4318,0.1084,0.2839,67.51,100.0,50.96,0.0,83.76,2.4658,5,100,0.0,32.49,1.73,84,B,1,1,1,0,0,10.14
12.99,0.3503,0.0569,0.2795,100.0,64.47,51.47,0.0,85.19,3.9733,6,100,14.81,0.0,4.93,84,B,1,1,1,0,0,12.99
15.88,0.7466,0.3757,0.1913,93.93,100.0,69.05,0.0,66.4,2.3393,7,100,30.56,6.07,3.92,57,C,1,1,1,0,0,15.88
6.45,0.0,0.1586,0.3775,54.38,0.0,54.38,0.0,89.31,3.9731,4,100,0.0,21.38,3.34,67,C,0,1,1,0,0,6.45
2.06,0.1129,0.0,0.4241,10.75,22.9,89.25,0.0,62.72,3.7848,3,100,10.75,53.06,2.17,67,C,1,0,1,0,0,2.06
21.0,0.0,0.0934,0.6768,80.88,0.0,80.88,0.0,97.57,9.0087,3,100,0.0,4.86,5.13,82,B,0,1,1,1,0,21.0
11.28,0.0,0.1062,0.7282,83.78,0.0,83.78,0.0,100.0,3.661,2,0,0.0,0.0,3.16,82,B,0,1,1,0,0,11.28
16.74,0.049,0.29,0.2213,100.0,21.48,47.66,0.0,100.0,2.5293,8,100,0.0,0.0,4.06,92,A,1,1,1,0,0,16.74
11.3,0.6847,0.0439,0.1996,100.0,79.89,38.07,13.81,78.41,1.509,6,100,21.59,0.0,3.17,77,B,1,1,0,0,0,11.3
19.53,0.0,0.0,0.4962,100.0,0.0,72.35,13.52,100.0,3.3816,4,100,0.0,0.0,2.08,82,B,0,0,1,0,0,19.53
23.23,0.0,0.0519,0.8541,92.08,0.0,92.08,0.0,100.0,8.9329,2,100,0.0,0.0,6.81,82,B,0,1,1,1,0,23.23
22.05,0.0,0.0566,0.7195,84.07,0.0,84.07,0.0,96.36,9.0227,3,0,0.0,7.29,4.36,82,B,0,1,1,1,0,22.05
10.05,0.3495,0.1619,0.2407,81.73,100.0,73.22,0.0,90.87,1.0367,5,100,0.0,18.27,3.79,84,B,1,1,1,0,0,10.05
12.74,0.0,0.0,0.2469,71.42,0.0,41.33,41.33,90.27,3.3494,6,0,0.0,19.45,3.74,98,A,0,0,0,0,0,12.74
10.42,0.7687,0.0758,0.208,100.0,100.0,80.32,0.0,73.58,0.0,6,100,26.42,0.0,2.61,69,C,1,1,1,0,0,10.42
14.07,1.0582,0.14,0.5168,100.0,100.0,100.0,0.0,100.0,2.028,2,100,0.0,0.0,2.79,59,C,1,1,1,0,0,14.07
11.32,0.416,0.2926,0.1696,75.77,100.0,61.46,0.0,87.89,1.0868,7,100,0.0,24.23,1.94,84,B,1,1,1,0,0,11.32
23.61,0.0339,0.0,0.2926,92.46,100.0,33.9,0.0,96.23,0.0839,4,100,0.0,7.54,2.66,92,A,0,0,0,0,0,23.61
6.24,0.5704,0.2545,0.1291,84.68,69.13,38.72,0.0,86.06,0.3719,8,100,13.94,0.0,2.54,62,C,1,1,0,0,0,6.24
17.81,0.4566,0.0372,0.2021,84.2,100.0,36.07,0.0,83.69,4.5362,7,100,8.4,15.8,3.11,92,A,1,1,0,0,0,17.81
20.02,0.3297,0.1276,0.3191,100.0,35.3,58.67,32.01,100.0,0.3546,4,100,0.0,0.0,2.91,92,A,1,1,1,0,0,20.02
16.92,0.3972,0.037,0.1366,80.94,100.0,34.42,0.0,72.57,2.0567,8,100,17.9,19.06,3.62,92,A,1,1,0,0,0,16.92
16.9,0.0,0.0,0.5428,8.17,0.0,91.83,0.0,89.01,16.0939,3,100,0.0,21.99,3.81,82,B,0,0,1,1,0,16.9
15.2,0.4872,0.2125,0.1641,100.0,44.34,43.55,21.64,92.39,0.0,7,100,7.61,0.0,2.56,98,A,1,1,0,0,0,15.2
4.25,0.5464,0.0,0.2361,100.0,100.0,69.17,0.0,100.0,0.1649,5,100,0.0,0.0,3.16,54,D,1,0,1,0,0,4.25
4.57,0.2124,0.0796,0.2259,80.58,100.0,37.42,0.0,90.29,1.6762,6,100,0.0,19.42,3.12,77,B,1,1,0,0,0,4.57
13.71,0.5049,0.0,0.1956,80.04,100.0,47.68,0.0,63.38,3.6171,7,0,26.64,19.96,3.67,69,C,1,0,1,0,0,13.71
10.31,0.7795,0.1182,0.2097,100.0,100.0,42.41,42.41,100.0,0.0,6,100,0.0,0.0,3.11,77,B,1,1,0,0,0,10.31
16.4,0.8335,0.0,0.3945,100.0,100.0,79.38,0.0,77.18,3.7859,4,0,22.82,0.0,3.63,59,C,1,0,1,0,0,16.4
4.23,0.1745,0.0597,0.2165,80.01,59.74,52.2,0.0,90.01,0.7442,6,0,0.0,19.99,2.88,77,B,1,1,1,0,0,4.23
9.81,0.6637,0.1383,0.2497,91.98,100.0,56.74,0.0,65.19,0.5168,5,100,30.8,8.02,3.75,69,C,1,1,1,0,0,9.81
14.1,0.3284,0.3469,0.1462,85.27,48.46,29.14,29.14,100.0,1.7204,7,100,0.0,0.0,4.2,88,A,1,1,0,0,0,14.1
11.46,0.5659,0.4585,0.1967,85.62,83.26,58.98,0.0,92.81,2.4172,7,100,0.0,14.38,3.51,57,C,1,1,1,0,0,11.46
14.7,0.7475,0.1394,0.1695,78.03,100.0,37.36,24.33,89.02,1.2437,7,100,0.0,21.97,3.85,77,B,1,1,0,0,0,14.7
9.26,0.0932,0.0,0.4224,9.05,16.09,90.95,9.05,78.12,4.8679,3,100,0.0,43.76,2.58,82,B,1,0,1,0,0,9.26
6.6,0.6781,0.4611,0.2215,100.0,69.75,69.51,0.0,100.0,0.0,5,100,0.0,0.0,1.71,42,D,1,1,1,0,0,6.6
10.35,0.4955,0.1773,0.1212,91.52,64.24,38.03,14.67,83.24,1.1952,9,100,12.52,8.48,2.74,92,A,1,1,0,0,0,10.35
6.15,0.4599,0.0453,0.1605,72.36,100.0,27.64,26.85,86.18,1.5491,8,100,0.0,27.64,3.0,77,B,1,1,0,0,0,6.15
12.82,0.0,0.0948,0.5557,71.83,0.0,71.83,0.0,93.16,4.3378,3,0,0.0,13.69,2.93,82,B,0,1,1,0,0,12.82
10.53,0.1058,0.0,0.4549,7.96,12.21,92.04,0.0,82.57,7.9292,3,100,0.0,34.85,3.0,82,B,1,0,1,0,0,10.53
12.36,0.6398,0.2213,0.1466,81.82,100.0,49.76,0.0,69.36,2.4478,9,100,25.17,10.95,4.04,69,C,1,1,1,0,0,12.36
10.59,0.33,0.276,0.1387,77.87,50.45,36.8,14.3,88.94,0.9672,8,100,0.0,22.13,3.76,98,A,1,1,0,0,0,10.59
22.7,0.3148,0.0638,0.165,84.03,100.0,47.81,0.0,79.9,4.1534,8,100,12.11,15.97,3.0,84,B,1,1,1,0,0,22.7
15.04,0.5448,0.0,0.2981,100.0,100.0,79.19,0.0,76.66,2.1126,4,100,23.34,0.0,3.5,69,C,1,0,1,0,0,15.04
14.57,0.0,0.1993,0.4889,62.55,0.0,62.55,0.0,96.5,6.1049,3,100,0.0,6.99,3.11,82,B,0,1,1,0,0,14.57
11.7,0.1816,0.0,0.1843,84.81,27.41,28.51,0.0,75.11,0.3327,6,100,17.3,15.19,2.87,98,A,0,0,0,0,0,11.7
18.41,0.0884,0.1038,0.2269,84.54,68.99,56.03,0.0,92.27,4.7272,7,100,0.0,15.46,3.67,84,B,1,1,1,0,0,18.41
12.97,0.0,0.1156,0.5157,68.91,0.0,68.91,0.0,93.28,6.3135,4,0,0.0,13.44,3.25,82,B,0,1,1,0,0,12.97
13.73,0.5432,0.0,0.1899,100.0,73.92,30.53,28.62,100.0,2.8249,6,100,0.0,0.0,4.74,77,B,1,0,0,0,0,13.73
12.03,0.0,0.2786,0.511,57.43,0.0,57.43,0.0,100.0,8.6802,2,0,0.0,0.0,3.44,82,B,0,1,1,1,0,12.03
8.87,0.2216,0.0927,0.2174,90.22,38.83,46.44,0.0,95.11,0.8175,7,100,0.0,9.78,2.66,92,A,1,1,1,0,0,8.87
15.06,0.4115,0.0,0.2435,86.18,100.0,53.99,0.0,93.09,2.8525,6,100,0.0,13.82,3.45,84,B,1,0,1,0,0,15.06
8.16,0.4049,0.0735,0.208,79.47,100.0,40.42,0.0,89.74,0.7526,6,0,0.0,20.53,3.47,92,A,1,1,0,0,0,8.16
7.04,0.0,0.0,0.3795,16.72,0.0,83.28,0.0,76.74,3.6852,3,0,0.0,46.53,3.05,67,C,0,0,1,0,0,7.04
12.08,0.2516,0.1133,0.1364,83.3,30.44,24.83,14.59,85.73,1.6033,9,100,10.74,7.06,3.01,98,A,1,1,0,0,0,12.08
15.17,0.7449,0.0304,0.2515,100.0,78.31,38.7,21.25,100.0,3.1257,6,100,0.0,0.0,4.69,77,B,1,1,0,0,0,15.17
10.29,0.6221,0.1286,0.1957,100.0,87.75,41.98,21.82,100.0,0.7955,7,100,0.0,0.0,3.51,77,B,1,1,0,0,0,10.29
13.3,0.5279,0.1586,0.2589,83.99,100.0,63.29,0.0,92.0,2.6455,5,100,0.0,16.01,3.32,69,C,1,1,1,0,0,13.3
14.03,0.6267,0.0,0.3909,82.3,100.0,76.27,0.0,33.21,4.6677,5,100,57.94,17.7,3.37,53,D,1,0,1,0,1,14.03
4.84,0.284,0.1143,0.3455,26.54,45.63,73.46,0.0,79.08,0.5643,3,100,0.0,41.83,4.0,77,B,1,1,1,0,0,4.84
11.98,0.1485,0.0496,0.1967,80.38,25.16,46.27,20.61,90.19,2.981,8,66.7,0.0,19.62,2.95,92,A,1,1,1,0,0,11.98
7.4,0.0,0.0,0.2207,60.44,0.0,39.56,17.7,86.53,2.7102,6,100,0.0,26.93,2.56,85,B,0,0,0,0,0,7.4
7.66,0.0,0.1239,0.3579,53.0,0.0,53.0,0.0,85.97,2.7888,4,0,0.0,28.06,2.18,67,C,0,1,1,0,0,7.66
18.74,0.5344,0.1812,0.2352,94.24,100.0,40.29,0.0,97.12,1.9676,7,100,0.0,5.76,3.54,77,B,1,1,0,0,0,18.74
9.61,0.195,0.0,0.3871,14.66,24.42,85.34,0.0,80.02,5.1372,3,100,0.0,39.97,3.73,82,B,1,0,1,0,0,9.61
14.6,0.0,0.1496,0.2248,84.15,0.0,48.7,25.42,100.0,3.7354,5,100,0.0,0.0,4.11,92,A,0,1,1,0,0,14.6
8.3,0.3773,0.0,0.1666,89.7,71.71,42.54,15.15,85.18,1.9814,7,100,9.67,10.3,5.05,92,A,1,0,0,0,0,8.3
18.97,0.2989,0.1455,0.2763,100.0,28.01,47.61,38.27,100.0,1.674,5,100,0.0,0.0,1.8,92,A,1,1,1,0,0,18.97
16.23,0.0,0.0564,0.1546,87.07,0.0,39.64,29.27,79.29,3.6318,8,100,14.25,12.93,3.87,98,A,0,1,0,0,0,16.23
1.16,0.6809,0.0,0.5441,64.84,100.0,64.84,0.0,82.42,0.7435,2,100,0.0,35.16,1.97,44,D,1,0,1,0,0,1.16
7.03,0.4538,0.0,0.1838,69.35,71.51,35.41,0.0,67.61,1.1044,6,100,17.06,30.65,2.64,77,B,1,0,0,0,0,7.03
16.6,0.104,0.0,0.282,78.69,50.19,47.22,10.1,89.34,0.8975,6,100,0.0,21.31,2.52,92,A,1,0,1,0,0,16.6
13.74,0.2521,0.0644,0.1887,93.58,58.6,66.25,6.96,91.63,2.769,9,100,5.16,6.42,3.6,92,A,1,1,1,0,0,13.74
13.47,0.0,0.2224,0.5514,66.02,0.0,66.02,0.0,100.0,5.5591,2,100,0.0,0.0,3.54,82,B,0,1,1,0,0,13.47
8.6,0.4744,0.1575,0.2701,100.0,46.06,46.06,46.06,100.0,0.4954,4,100,0.0,0.0,4.11,92,A,1,1,1,0,0,8.6
12.03,0.0,0.1022,0.4702,65.4,0.0,65.4,0.0,90.51,3.2702,4,100,0.0,18.98,2.48,82,B,0,1,1,0,0,12.03
9.12,0.7051,0.0401,0.1588,94.05,100.0,29.65,14.03,82.43,0.2006,7,100,14.6,5.95,3.08,77,B,1,1,0,0,0,9.12
14.94,0.1607,0.1579,0.2047,86.91,64.17,32.34,0.0,93.46,0.2984,7,100,0.0,13.09,2.22,92,A,1,1,0,0,0,14.94
5.91,0.177,0.1065,0.1467,92.05,20.65,34.52,18.68,81.39,0.9728,8,100,14.64,7.95,3.99,85,B,1,1,0,0,0,5.91
13.79,0.6713,0.1862,0.2996,91.42,100.0,56.5,0.0,74.76,0.4734,4,100,20.94,8.58,4.82,69,C,1,1,1,0,0,13.79
7.65,0.0889,0.1066,0.1893,91.64,13.57,29.26,28.06,95.82,1.6439,7,100,0.0,8.36,4.01,85,B,1,1,0,0,0,7.65
17.46,0.3374,0.1738,0.1888,91.19,73.16,50.27,16.16,100.0,4.8838,8,100,0.0,0.0,3.84,84,B,1,1,1,0,0,17.46
0.23,0.1744,0.4436,0.1501,79.93,36.69,46.55,0.0,95.24,0.7769,8,100,0.0,9.51,3.22,65,C,1,1,1,0,0,0.23
10.78,0.0,0.119,0.6317,77.24,0.0,77.24,0.0,97.71,6.0808,3,100,0.0,4.58,4.59,82,B,0,1,1,0,0,10.78
8.54,0.6024,0.147,0.1795,88.75,100.0,65.25,0.0,75.22,0.7721,7,100,19.16,11.25,3.91,69,C,1,1,1,0,0,8.54
13.76,0.6995,0.1569,0.2467,100.0,83.92,36.66,0.0,100.0,2.4405,5,100,0.0,0.0,4.04,77,B,1,1,0,0,0,13.76
22.42,0.0,0.183,0.4573,61.09,0.0,61.09,0.0,94.52,12.0312,4,0,0.0,10.95,4.1,82,B,0,1,1,1,0,22.42
9.31,0.0622,0.1291,0.1796,83.04,26.42,35.53,0.0,84.19,0.6391,9,100,7.33,16.96,2.04,98,A,1,1,0,0,0,9.31
6.85,0.4116,0.0441,0.2508,71.85,100.0,43.42,0.0,91.04,2.7854,6,100,0.0,17.92,4.01,77,B,1,1,0,0,0,6.85
8.43,0.2359,0.0,0.2114,71.69,100.0,33.7,0.0,85.84,1.1525,6,100,0.0,28.31,2.24,92,A,1,0,0,0,0,8.43
9.89,0.1865,0.1163,0.3698,17.76,29.79,82.24,0.0,79.81,3.2445,3,100,0.0,40.37,2.64,82,B,1,1,1,0,0,9.89
23.24,0.4578,0.4533,0.1861,80.61,90.09,33.96,8.16,93.83,4.7753,9,100,0.0,12.34,2.34,80,B,1,1,0,0,0,23.24
11.52,0.0,0.1279,0.259,100.0,0.0,56.87,11.4,100.0,0.3415,6,100,0.0,0.0,2.79,92,A,0,1,1,0,0,11.52
9.47,0.4089,0.0,0.2886,66.0,60.15,39.7,39.7,83.0,3.0772,4,100,0.0,34.0,2.65,92,A,1,0,0,0,0,9.47
12.56,0.2364,0.0,0.2848,89.61,27.62,46.6,46.6,94.8,3.8025,6,100,0.0,10.39,2.19,92,A,1,0,1,0,0,12.56
18.71,0.631,0.1539,0.2697,95.16,54.2,47.44,13.25,100.0,4.5252,8,100,0.0,0.0,3.16,77,B,1,1,1,0,0,18.71
13.18,0.0,0.0842,0.6991,82.49,0.0,82.49,0.0,97.68,4.4626,3,100,0.0,4.64,4.48,82,B,0,1,1,0,0,13.18
14.21,0.6977,0.0,0.235,88.72,91.55,41.79,41.79,87.8,1.688,8,100,6.56,11.28,3.53,77,B,1,0,0,0,0,14.21
16.39,0.6762,0.1215,0.2257,81.93,100.0,39.76,10.15,85.53,3.5736,7,100,5.43,18.07,3.15,77,B,1,1,0,0,0,16.39
12.9,0.6354,0.0392,0.2384,72.67,100.0,57.97,0.0,64.83,3.9524,5,100,21.51,27.33,3.15,69,C,1,1,1,0,0,12.9
8.66,0.5319,0.1534,0.2314,100.0,67.84,51.33,0.0,100.0,0.0,5,100,0.0,0.0,3.71,69,C,1,1,1,0,0,8.66
9.62,0.096,0.1083,0.3948,16.55,24.31,83.45,0.0,84.03,9.0761,3,100,0.0,31.94,4.94,82,B,1,1,1,1,0,9.62
16.64,0.5265,0.414,0.2497,91.55,100.0,51.81,8.79,100.0,4.0033,6,100,0.0,0.0,3.75,57,C,1,1,1,0,0,16.64
12.18,0.0,0.1135,0.3926,17.34,0.0,82.66,0.0,84.45,9.0274,3,100,0.0,31.1,4.07,82,B,0,1,1,1,0,12.18
7.51,0.4496,0.1281,0.2598,23.25,100.0,76.75,0.0,71.41,4.2114,4,100,0.0,57.18,2.6,69,C,1,1,1,0,0,7.51
16.38,0.3184,0.1244,0.1902,94.73,40.64,42.99,14.11,97.36,4.7499,9,100,0.0,5.27,4.13,98,A,1,1,0,0,0,16.38
12.7,0.0,0.0794,0.3901,57.33,0.0,57.33,0.0,84.73,2.035,4,0,0.0,30.54,2.99,82,B,0,1,1,0,0,12.7
25.71,0.0,0.0851,0.3732,100.0,0.0,69.69,7.49,100.0,5.3512,6,100,0.0,0.0,4.34,82,B,0,1,1,0,0,25.71
10.65,0.1781,0.0,0.4011,13.39,21.23,86.61,0.0,81.53,8.7108,3,100,0.0,36.93,3.72,82,B,1,0,1,1,0,10.65
8.51,1.2061,0.0,0.5151,100.0,100.0,58.69,41.31,100.0,0.9081,2,100,0.0,0.0,1.66,59,C,1,0,1,0,0,8.51
4.75,0.0,0.0,0.1711,79.75,0.0,25.21,25.21,74.96,1.1411,7,100,14.91,20.25,2.48,85,B,0,0,0,0,0,4.75
20.63,0.0,0.0,0.3366,37.92,0.0,62.08,37.92,84.82,5.5681,3,100,0.0,30.36,2.54,92,A,0,0,1,0,0,20.63
7.69,0.0,0.126,0.3658,19.25,0.0,80.75,0.0,77.96,3.7231,3,100,0.0,44.08,2.88,67,C,0,1,1,0,0,7.69
20.57,0.0,0.0861,0.7716,86.85,0.0,86.85,0.0,100.0,9.0857,2,100,0.0,0.0,4.88,82,B,0,1,1,1,0,20.57
7.05,0.3578,0.1136,0.1613,88.16,52.5,33.66,33.66,100.0,0.0,8,100,0.0,0.0,3.67,85,B,1,1,0,0,0,7.05
7.77,0.3793,0.339,0.2089,68.05,100.0,47.61,0.0,84.02,1.7731,5,100,0.0,31.95,2.9,57,C,1,1,1,0,0,7.77
11.7,0.1867,0.0474,0.4176,17.78,23.91,82.22,0.0,87.19,9.8782,3,0,0.0,25.63,3.8,82,B,1,1,1,1,0,11.7
10.79,0.7145,0.104,0.1775,100.0,68.19,45.5,25.16,86.66,1.7739,6,100,13.34,0.0,4.72,69,C,1,1,1,0,0,10.79
11.8,0.5033,0.3445,0.1367,66.8,76.45,33.2,0.0,92.04,2.6502,8,100,0.0,15.93,3.36,65,C,1,1,0,0,0,11.8
10.65,0.3999,0.091,0.1363,90.26,50.89,26.36,14.38,75.9,2.0979,10,100,19.23,9.74,4.03,98,A,1,1,0,0,0,10.65
14.46,0.4193,0.0608,0.146,67.99,100.0,32.01,13.89,93.35,3.6498,8,100,0.0,13.3,3.34,92,A,1,1,0,0,0,14.46
8.33,0.0,0.1089,0.3861,56.85,0.0,56.85,0.0,86.75,1.8073,4,100,0.0,26.51,2.0,82,B,0,1,1,0,0,8.33
22.08,0.2594,0.0739,0.2099,94.29,100.0,32.96,0.0,97.14,1.0444,6,100,0.0,5.71,2.53,92,A,1,1,0,0,0,22.08
13.34,0.128,0.0918,0.236,100.0,22.45,54.86,12.77,94.62,1.3184,7,100,5.38,0.0,3.33,92,A,1,1,1,0,0,13.34
16.64,0.5129,0.2261,0.1927,100.0,100.0,57.16,0.0,100.0,1.4807,6,100,0.0,0.0,3.53,69,C,1,1,1,0,0,16.64
17.9,0.86,0.0443,0.2543,88.19,100.0,65.3,0.0,57.86,4.647,6,0,36.23,11.81,3.34,69,C,1,1,1,0,0,17.9
15.83,0.4885,0.1158,0.3045,100.0,100.0,45.14,0.0,80.1,3.4922,4,100,19.9,0.0,3.17,84,B,1,1,1,0,0,15.83
3.21,0.0,0.1336,0.6752,79.59,0.0,79.59,0.0,100.0,0.0171,2,100,0.0,0.0,3.2,67,C,0,1,1,0,0,3.21
12.76,0.7209,0.0689,0.3087,80.96,84.32,68.27,0.0,90.48,3.0197,5,100,0.0,19.04,3.91,69,C,1,1,1,0,0,12.76
8.19,0.0448,0.017,0.2122,87.6,10.67,34.98,8.61,93.8,3.3616,8,100,0.0,12.4,2.59,98,A,1,1,0,0,0,8.19
9.56,0.3097,0.0682,0.18,80.36,81.0,29.41,15.14,95.39,1.1355,7,100,0.0,9.23,2.54,92,A,1,1,0,0,0,9.56
15.91,0.5487,0.0,0.2238,100.0,72.3,33.48,26.03,100.0,0.0,5,100,0.0,0.0,3.21,77,B,1,0,0,0,0,15.91
13.0,0.4202,0.2139,0.1818,88.19,100.0,41.26,12.44,94.1,1.1601,8,100,0.0,11.81,2.54,92,A,1,1,0,0,0,13.0
9.72,0.6628,0.0799,0.2691,100.0,100.0,54.21,0.0,100.0,0.1259,4,91.7,0.0,0.0,2.68,69,C,1,1,1,0,0,9.72
14.8,0.0,0.1166,0.4205,17.81,0.0,82.19,0.0,87.44,13.7053,3,100,0.0,25.13,5.14,82,B,0,1,1,1,0,14.8
16.58,0.472,0.0,0.3101,69.5,100.0,44.12,0.0,84.75,2.1764,4,0,0.0,30.5,3.07,92,A,1,0,0,0,0,16.58
10.46,0.4594,0.2082,0.1585,87.74,100.0,31.57,0.0,93.87,1.9357,7,100,0.0,12.26,3.67,92,A,1,1,0,0,0,10.46
18.57,0.6421,0.0652,0.1563,78.67,82.38,29.12,11.92,100.0,3.9807,7,100,0.0,0.0,4.05,77,B,1,1,0,0,0,18.57
9.06,0.3814,0.3227,0.1615,69.35,74.67,34.17,0.0,93.31,4.3609,9,100,0.0,13.38,3.37,80,B,1,1,0,0,0,9.06
15.01,0.6077,0.0,0.4063,100.0,100.0,57.88,0.0,100.0,0.4799,4,0,0.0,0.0,3.85,59,C,1,0,1,0,0,15.01
7.22,0.0758,0.0577,0.4103,10.83,18.77,89.17,0.0,78.84,3.2083,3,100,0.0,42.32,2.31,67,C,1,1,1,0,0,7.22
14.36,0.3995,0.6069,0.1856,80.2,87.0,49.93,0.0,100.0,5.1503,8,100,0.0,0.0,3.27,72,B,1,1,1,0,0,14.36
10.67,0.369,0.0,0.1579,78.12,63.5,21.88,21.0,89.06,0.9921,7,100,0.0,21.88,3.03,92,A,1,0,0,0,0,10.67
2.25,0.1742,0.1086,0.3882,16.59,32.98,83.41,0.0,75.15,1.0505,3,100,0.0,49.71,3.55,67,C,1,1,1,0,0,2.25
14.79,0.7638,0.2802,0.15,91.99,84.11,32.5,30.45,100.0,2.2018,7,100,0.0,0.0,4.0,77,B,1,1,0,0,0,14.79
0.46,0.672,0.0734,0.2133,68.22,71.95,31.78,18.91,89.72,0.2697,5,100,0.0,20.56,2.97,62,C,1,1,0,0,0,0.46
15.58,0.1334,0.0986,0.1268,78.58,19.4,25.61,25.61,86.44,1.9387,11,100,6.31,14.51,3.83,98,A,1,1,0,0,0,15.58
15.92,0.0,0.0669,0.7019,82.87,0.0,82.87,0.0,96.54,4.7255,3,100,0.0,6.92,2.31,82,B,0,1,1,0,0,15.92
11.44,0.0328,0.0,0.304,100.0,100.0,67.19,0.0,100.0,1.4578,4,100,0.0,0.0,3.24,84,B,0,0,1,0,0,11.44
18.51,0.1882,0.0612,0.2836,88.6,61.41,58.34,0.0,94.3,4.5038,7,100,0.0,11.4,3.86,84,B,1,1,1,0,0,18.51
14.84,0.6021,0.2387,0.1015,72.09,100.0,27.91,8.12,92.46,2.0759,11,100,0.0,15.08,3.14,77,B,1,1,0,0,0,14.84
7.8,0.8389,0.4893,0.1964,78.92,100.0,44.54,16.15,97.29,2.8264,7,100,0.0,5.43,3.55,50,D,1,1,0,0,0,7.8
15.27,0.4478,0.4169,0.1791,84.34,100.0,61.73,0.0,88.96,2.6042,10,100,8.37,5.36,4.15,72,B,1,1,1,0,0,15.27
20.89,0.2955,0.0713,0.2618,75.43,32.99,43.4,17.59,93.16,4.1809,6,100,0.0,13.68,3.39,98,A,1,1,0,0,0,20.89
9.96,0.6112,0.3656,0.1332,76.91,100.0,58.04,0.0,82.48,4.0798,10,100,13.73,7.58,2.67,57,C,1,1,1,0,0,9.96
13.27,0.0,0.0,0.4018,13.97,0.0,86.03,13.97,82.4,6.0694,3,100,0.0,35.19,3.02,82,B,0,0,1,0,0,13.27
13.53,0.1046,0.0797,0.4763,0.0,13.75,100.0,0.0,86.23,12.4555,3,100,0.0,27.55,3.19,82,B,1,1,1,1,0,13.53
14.3,0.0,0.0347,0.4068,81.33,0.0,58.48,0.0,97.17,5.7233,5,0,0.0,5.66,4.23,82,B,0,1,1,0,0,14.3
21.37,0.0,0.0774,0.7915,88.17,0.0,88.17,0.0,100.0,9.6867,2,100,0.0,0.0,6.8,82,B,0,1,1,1,0,21.37
19.54,0.0,0.1132,0.5691,72.75,0.0,72.75,0.0,95.03,5.6326,3,100,0.0,9.95,2.85,82,B,0,1,1,0,0,19.54
8.26,0.6508,0.1705,0.2462,100.0,80.06,48.01,0.0,93.24,0.1277,6,100,6.76,0.0,3.35,69,C,1,1,1,0,0,8.26
1.71,0.6317,0.0939,0.3084,100.0,100.0,78.24,0.0,100.0,0.757,4,0,0.0,0.0,4.09,54,D,1,1,1,0,0,1.71
10.23,0.1916,0.0,0.3725,18.6,28.6,81.4,18.6,82.52,8.1212,3,100,0.0,34.96,3.66,82,B,0,0,1,1,0,10.23
13.67,0.0,0.1939,0.3968,54.42,0.0,54.42,0.0,92.02,5.4212,4,100,0.0,15.95,2.88,82,B,0,1,1,0,0,13.67
11.99,0.3252,0.1967,0.1677,91.51,47.94,55.01,21.13,95.76,0.6485,7,100,0.0,8.49,4.26,92,A,1,1,1,0,0,11.99
18.57,0.9461,0.0177,0.248,90.01,100.0,38.58,38.58,95.0,5.1895,6,100,0.0,9.99,3.27,77,B,1,1,0,0,0,18.57
12.73,0.0703,0.0,0.4876,6.7,9.73,93.3,0.0,77.71,10.8152,3,100,6.7,31.18,3.01,82,B,1,0,1,1,0,12.73
9.49,0.2792,0.1251,0.1569,81.57,34.23,55.24,0.0,74.05,0.981,8,100,16.74,18.43,3.43,92,A,1,1,1,0,0,9.49
20.71,0.2045,0.1275,0.4552,19.48,23.95,80.52,0.0,90.66,16.0506,3,100,0.0,18.69,4.61,82,B,1,1,1,1,0,20.71
7.04,0.0,0.138,0.3982,57.1,0.0,57.1,0.0,89.09,2.6944,4,100,0.0,21.82,2.31,67,C,0,1,1,0,0,7.04
11.0,0.0,0.1161,0.5612,72.07,0.0,72.07,0.0,94.9,1.2968,3,100,0.0,10.19,2.31,82,B,0,1,1,0,0,11.0
16.85,0.7588,0.1438,0.2007,81.14,87.22,34.84,15.3,61.42,4.7953,8,100,34.84,7.49,3.0,77,B,1,1,0,0,0,16.85
10.93,0.6944,0.1983,0.1942,76.85,100.0,42.61,0.0,100.0,1.3273,6,100,0.0,0.0,3.16,77,B,1,1,0,0,0,10.93
5.18,0.134,0.0435,0.1843,92.03,28.43,52.16,0.0,88.69,1.7435,7,100,7.32,7.97,3.35,77,B,1,1,1,0,0,5.18
9.55,0.1179,0.0475,0.4081,11.02,19.56,88.98,0.0,78.17,5.5141,3,100,0.0,43.65,3.96,82,B,1,1,1,0,0,9.55
6.53,0.2915,0.4523,0.1386,92.46,56.83,52.83,0.0,96.23,0.4214,8,100,0.0,7.54,3.9,65,C,1,1,1,0,0,6.53
9.32,0.0,0.0452,0.4281,10.5,0.0,89.5,0.0,82.18,7.7393,3,0,0.0,35.65,3.41,82,B,0,1,1,0,0,9.32
5.34,0.1065,0.0447,0.2303,77.86,23.33,44.31,0.0,94.0,1.956,6,100,0.0,12.0,3.05,85,B,1,1,0,0,0,5.34
15.68,0.0,0.1913,0.3561,45.45,0.0,54.55,0.0,87.34,5.8638,3,0,0.0,25.32,3.54,82,B,0,1,1,0,0,15.68
10.9,0.0,0.1352,0.4721,64.65,0.0,64.65,0.0,92.66,6.8674,4,100,0.0,14.69,4.06,82,B,0,1,1,0,0,10.9
9.42,0.332,0.1337,0.3458,31.03,42.41,68.97,0.0,86.59,7.2721,3,100,0.0,26.83,4.83,92,A,1,1,1,0,0,9.42
16.67,0.827,0.0858,0.3626,78.15,100.0,45.97,0.0,89.08,2.1306,3,100,0.0,21.85,2.56,59,C,1,1,1,0,0,16.67
22.03,0.007,0.0374,0.2761,78.67,29.57,46.02,0.0,89.34,1.4432,6,100,0.0,21.33,2.62,92,A,0,1,1,0,0,22.03
11.31,0.4464,0.0493,0.2327,81.68,100.0,63.2,0.0,90.84,4.0952,6,100,0.0,18.32,4.37,84,B,1,1,1,0,0,11.31
11.24,0.2832,0.1767,0.2687,93.7,36.71,59.3,26.75,96.85,0.3992,5,100,0.0,6.3,3.34,92,A,1,1,1,0,0,11.24
5.52,0.2244,0.0,0.2567,47.05,100.0,52.95,0.0,73.52,1.3532,4,0,0.0,52.95,2.59,69,C,1,0,1,0,0,5.52
5.82,0.0577,0.0651,0.4161,9.94,18.72,90.06,0.0,76.56,4.1103,3,0,0.0,46.88,3.12,67,C,1,1,1,0,0,5.82
9.18,0.1681,0.0,0.385,16.32,25.27,83.68,16.32,82.31,7.7119,3,0,0.0,35.39,2.87,82,B,1,0,1,0,0,9.18
16.19,0.5536,0.1494,0.291,79.26,100.0,67.68,0.0,89.63,3.2638,5,100,0.0,20.74,3.17,69,C,1,1,1,0,0,16.19
14.72,0.2176,0.0876,0.3781,20.34,29.04,79.66,0.0,85.02,7.8984,3,100,0.0,29.96,3.46,82,B,1,1,1,0,0,14.72
19.57,0.0,0.1191,0.7023,81.81,0.0,81.81,0.0,100.0,4.4436,2,100,0.0,0.0,2.29,82,B,0,1,1,0,0,19.57
16.1,0.2564,0.158,0.1266,76.14,32.59,36.26,15.86,96.29,5.1198,10,100,0.0,7.41,4.26,98,A,1,1,0,0,0,16.1
24.76,1.0105,0.0927,0.3045,95.68,87.88,58.51,18.81,97.84,2.9079,5,100,0.0,4.32,1.71,69,C,1,1,1,0,0,24.76
12.06,0.0744,0.0959,0.1882,85.88,14.92,60.74,0.0,90.63,1.7303,8,100,5.85,7.04,2.23,92,A,1,1,1,0,0,12.06
8.75,0.4254,0.1894,0.1917,93.13,66.3,39.76,0.0,100.0,2.86,7,100,0.0,0.0,4.11,92,A,1,1,0,0,0,8.75
10.7,0.3752,0.0729,0.3408,60.47,100.0,39.53,0.0,80.23,1.8439,3,100,0.0,39.53,2.99,92,A,1,1,0,0,0,10.7
7.53,0.0,0.1558,0.3503,23.81,0.0,76.19,0.0,82.98,3.8522,3,0,0.0,34.03,3.21,67,C,0,1,1,0,0,7.53
14.75,0.3744,0.2193,0.349,87.85,100.0,87.85,0.0,93.93,3.5767,4,100,0.0,12.15,3.92,84,B,1,1,1,0,0,14.75
8.22,0.3717,0.1626,0.2197,100.0,100.0,49.23,0.0,100.0,1.4293,6,100,0.0,0.0,4.08,84,B,1,1,1,0,0,8.22
-1.05,0.0,0.0,0.3421,100.0,0.0,71.78,10.51,100.0,0.0,4,0,0.0,0.0,3.64,77,B,0,0,1,0,0,-1.05
19.99,0.59,0.1168,0.1465,79.08,100.0,31.18,9.61,85.29,4.8902,10,100,10.58,8.27,3.4,77,B,1,1,0,0,0,19.99
8.79,0.7167,0.315,0.2828,100.0,100.0,39.04,0.0,100.0,1.3262,4,100,0.0,0.0,4.58,65,C,1,1,0,0,0,8.79
11.78,0.5291,0.5332,0.135,81.71,59.88,44.2,0.0,100.0,2.1637,8,100,0.0,0.0,3.29,73,B,1,1,0,0,0,11.78
16.9,0.2913,0.1097,0.2083,86.86,33.59,40.62,11.19,69.57,4.1001,7,100,23.86,13.14,2.99,98,A,1,1,0,0,0,16.9
26.48,0.0,0.1453,0.5516,70.5,0.0,70.5,0.0,96.35,7.6313,3,0,0.0,7.3,2.6,82,B,0,1,1,0,0,26.48
15.47,0.0,0.08,0.4533,12.22,0.0,87.78,0.0,86.2,12.7261,3,100,0.0,27.6,4.37,82,B,0,1,1,1,0,15.47
11.01,0.1215,0.0245,0.3155,76.23,100.0,51.54,0.0,88.11,3.6117,6,0,0.0,23.77,3.71,84,B,1,1,1,0,0,11.01
21.51,0.1503,0.1145,0.3913,0.0,23.29,100.0,0.0,80.72,5.7006,3,100,0.0,38.56,1.31,82,B,1,1,1,0,0,21.51
7.21,0.1058,0.0806,0.4165,0.0,19.43,100.0,0.0,75.94,3.1983,3,0,0.0,48.13,3.24,67,C,1,1,1,0,0,7.21
13.49,0.663,0.2966,0.1579,56.11,76.95,43.89,10.53,91.45,5.4607,8,100,0.0,17.1,3.21,77,B,1,1,0,0,0,13.49
15.46,0.0,0.0572,0.5178,8.74,0.0,91.26,0.0,88.01,15.7707,3,100,0.0,23.98,4.94,82,B,0,1,1,1,0,15.46
11.73,0.2764,0.0886,0.1745,76.98,100.0,33.75,0.0,78.66,2.368,7,100,9.83,23.02,3.65,92,A,1,1,0,0,0,11.73
13.96,0.5599,0.0758,0.1903,79.74,100.0,60.88,0.0,89.87,1.8783,7,100,0.0,20.26,2.53,69,C,1,1,1,0,0,13.96
15.27,0.3518,0.0,0.1547,74.64,100.0,33.27,0.0,66.57,1.6949,7,100,20.75,25.36,2.9,92,A,1,0,0,0,0,15.27
6.6,0.1883,0.1434,0.3734,0.0,33.06,100.0,0.0,77.12,6.3351,3,100,0.0,45.76,4.36,67,C,1,1,1,0,0,6.6
11.13,0.1213,0.0,0.276,73.09,15.81,32.87,32.87,74.99,1.7104,4,100,11.55,26.91,2.16,98,A,0,0,0,0,0,11.13
19.95,0.2534,0.0,0.2074,85.96,43.16,35.87,35.87,92.98,4.7755,8,100,0.0,14.04,3.09,98,A,1,0,0,0,0,19.95
11.93,0.5329,0.2921,0.1623,100.0,47.51,36.6,35.42,100.0,2.5076,7,100,0.0,0.0,5.12,85,B,1,1,0,0,0,11.93
9.03,0.8159,0.0628,0.2236,100.0,100.0,53.68,0.0,70.92,1.816,6,100,29.08,0.0,3.6,69,C,1,1,1,0,0,9.03
9.65,0.539,0.059,0.1871,70.22,100.0,29.78,0.0,65.62,1.937,6,0,19.49,29.78,2.95,77,B,1,1,0,0,0,9.65
7.23,0.7884,0.2116,0.296,100.0,71.26,64.05,28.0,100.0,0.0,4,100,0.0,0.0,4.28,54,D,1,1,1,0,0,7.23
19.69,0.6655,0.0,0.225,100.0,75.39,58.79,0.0,70.59,1.5217,5,100,29.41,0.0,3.57,69,C,1,0,1,0,0,19.69
17.86,0.0,0.0,0.3497,100.0,0.0,46.46,46.46,100.0,1.2687,4,100,0.0,0.0,2.92,92,A,0,0,1,0,0,17.86
14.36,0.5531,0.0,0.3028,100.0,100.0,68.5,0.0,78.96,2.9688,5,100,21.04,0.0,3.52,69,C,1,0,1,0,0,14.36
14.74,0.5377,0.3793,0.1387,81.56,71.9,25.88,0.0,94.86,0.9008,9,100,0.0,10.28,4.18,65,C,1,1,0,0,0,14.74
10.27,0.4105,0.0939,0.1022,86.74,66.14,27.1,17.13,85.62,0.3524,11,100,7.75,13.26,3.22,92,A,1,1,0,0,0,10.27
11.01,0.1748,0.1089,0.3893,16.64,24.93,83.36,0.0,83.38,7.2863,3,100,0.0,33.25,2.95,82,B,1,1,1,0,0,11.01
14.31,0.6636,0.18,0.2176,100.0,70.16,49.45,49.45,100.0,0.1936,5,100,0.0,0.0,2.16,69,C,1,1,1,0,0,14.31
20.13,0.4046,0.0,0.2795,100.0,76.5,37.6,37.6,100.0,3.3486,4,100,0.0,0.0,3.42,92,A,1,0,0,0,0,20.13
9.77,0.4452,0.1926,0.1604,84.01,100.0,41.45,0.0,92.01,0.8955,7,100,0.0,15.99,3.08,92,A,1,1,0,0,0,9.77
7.33,0.1025,0.026,0.2677,78.98,48.48,44.85,0.0,89.49,1.5417,6,100,0.0,21.02,3.4,85,B,0,1,0,0,0,7.33
9.55,0.3008,0.0657,0.1592,78.5,67.67,40.09,0.0,89.25,1.7341,7,100,0.0,21.5,3.2,92,A,1,1,0,0,0,9.55
13.95,0.6833,0.0493,0.1773,84.14,83.7,30.16,30.16,92.03,2.6187,7,100,7.97,0.0,3.28,77,B,1,1,0,0,0,13.95
5.64,0.0,0.0,0.3937,13.47,0.0,86.53,0.0,66.09,2.7468,3,100,13.47,40.89,3.84,67,C,0,0,1,0,0,5.64
23.35,0.145,0.1061,0.4332,83.6,47.96,78.17,0.0,98.7,4.5865,6,100,0.0,2.59,3.76,82,B,1,1,1,0,0,23.35
12.37,0.0,0.1148,0.5417,70.47,0.0,70.47,0.0,94.01,4.1002,3,0,0.0,11.98,3.0,82,B,0,1,1,0,0,12.37
10.41,0.5936,0.2774,0.2155,69.71,100.0,34.25,20.74,84.86,1.7746,5,100,0.0,30.29,3.1,77,B,1,1,0,0,0,10.41
19.31,0.5594,0.0,0.501,100.0,100.0,52.28,0.0,100.0,1.2593,2,0,0.0,0.0,3.3,59,C,1,0,1,0,0,19.31
16.73,0.2594,0.7198,0.1298,86.3,59.41,38.28,0.0,96.55,5.014,10,100,0.0,6.9,3.95,88,A,1,1,0,0,0,16.73
10.9,0.3692,0.0947,0.1353,93.1,37.96,39.73,21.29,84.91,0.355,9,100,11.64,6.9,4.01,98,A,1,1,0,0,0,10.9
10.29,0.0,0.241,0.5348,63.18,0.0,63.18,0.0,100.0,7.8644,2,100,0.0,0.0,5.42,82,B,0,1,1,0,0,10.29
18.93,0.1227,0.1205,0.2137,100.0,15.22,49.0,49.0,100.0,2.9822,7,100,0.0,0.0,2.71,92,A,1,1,1,0,0,18.93
6.88,0.6394,0.0,0.2724,53.85,100.0,46.15,0.0,76.93,2.538,4,100,0.0,46.15,3.71,54,D,1,0,1,0,0,6.88
7.26,0.0,0.2,0.4026,53.18,0.0,53.18,0.0,91.86,5.1795,3,100,0.0,16.27,2.21,67,C,0,1,1,0,0,7.26
17.47,0.0,0.0437,0.437,100.0,0.0,61.87,0.0,100.0,2.1447,4,100,0.0,0.0,4.19,82,B,0,1,1,0,0,17.47
1.99,0.0,0.1353,0.672,79.32,0.0,79.32,0.0,100.0,0.0195,2,100,0.0,0.0,2.55,67,C,0,1,1,0,0,1.99
5.72,0.0,0.0772,0.5483,71.07,0.0,71.07,0.0,91.43,3.3042,3,0,0.0,17.14,4.13,67,C,0,1,1,0,0,5.72
18.67,0.0,0.0564,0.8426,91.39,0.0,91.39,0.0,100.0,4.412,2,100,0.0,0.0,4.74,82,B,0,1,1,0,0,18.67
9.07,0.2497,0.1423,0.2572,83.89,51.33,40.79,0.0,97.56,2.7023,6,100,0.0,4.89,3.11,98,A,1,1,0,0,0,9.07
